57,CCP,,
55,Eidos Studio Hungary,,
58,SimBin,,
59,2K Marin,,
60,2K China,,
63,Virtual Programming (Linux),,
65,Rogue Entertainment,,
66,Gas Powered Games,,
68,Volition,,
74,Virtual Programming,,
75,Rockstar Games,,
77,Rockstar North,,
78,Rockstar New England,,
79,Rockstar Toronto,,
80,Rockstar North / Toronto,,
81,Ascaron Entertainment ltd.,,
83,Codemasters Studios,,
84,Dylan Fitterer,,
85,U.S. Army,,
88,Crytek Studios,,
90,Kudosoft,,
93,"Dejobaan Games, LLC",,
94,Owlchemy Labs,,
95,Feral Interactive (Mac/Linux),,
97,Replay Studios,,
98,Spark Unlimited,,
99,BlackFoot Studios,,
100,Hi-Rez Studios,,
102,Maxis‚Ñ¢,,
106,EA Redwood Shores,,
107,EA Los Angeles,,
108,Zombie Panic! Team,,
109,Octoshark Studios,,
110,Puny Human,,
111,GameConnect,,
112,InterWave Studios,,
113,Broken Rules,,
115,Reactor Zero,,
117,Sidhe,,
120,"Monolith Productions, Inc.",,
121,Timegate,,
123,TT Games,,
126,2D BOY,,
131,Headfirst Productions,,
139,Dimensional Ink Games,,
140,OVERKILL Software,,
141,NeocoreGames,,
142,"Bit Blot, LLC",,
143,EA - Maxis,,
149,Lazy 8 Studios,,
150,Number None,,
151,Kloonigames,,
152,Hemisphere Games,,
153,Elecorn,,
157,Aspyr Studios,,
159,Sigma Team Inc.,,
160,Blue Byte,,
161,Related Designs,,
162,Ubisoft Montpellier,,
167,D3T Limited,,
168,Wargaming.net,,
169,City Interactive,,
170,Invent4 Entertainment,,
172,Teotl Studios,,
173,Power of 2,,
174,Size Five Games,,
175,Interplay Inc.,,
177,14¬∞ East,,
178,Subsoap,,
181,Army Game Studio,,
184,Phenomic,,
185,4HEAD Studios,,
186,Rune Forge,,
187,Spellbound,,
188,DiezelPower,,
189,"Arcen Games, LLC",,
190,Amanita Design,,
191,Team Meat,,
193,Illusion Softworks,,
195,Konstantin Koshutin,,
56,Telltale Games,2004,29
61,Digital Extremes,1993,14
62,Irrational Games,1996,29
67,Kaos Studios,2006,29
69,Cryptic Studios,2000,29
70,Treyarch,1996,29
196,Nimbly Games,,
200,Dark Water Studios Ltd,,
201,Arrowhead Game Studios,,
202,Kerberos Productions,,
203,Double Helix Games,,
204,Codemasters Action Studio,,
205,Codemasters Racing,,
206,Codemasters Birmingham,,
207,Mind Control Software,,
209,Microids,,
213,The Sims Studio,,
214,Playdead,,
215,Blackhole,,
216,Vanguard Games,,
217,Cold Beam Games,,
219,YAGER,,
221,Blendo Games,,
223,Realmforge Studios,,
224,Coreplay GmbH,,
225,Bigmoon Studios,,
226,Cyanide Studios,,
228,Capybara Games,,
229,Big Sandwich Games,,
230,Stratecade LLC,,
231,Uber Entertainment,,
232,Ronimo Games,,
233,Gaijin Games,,
235,Eggtooth Team,,
236,Trine Studios,,
237,G3 Community Patch Team,,
238,Mad Vulture Games,,
239,Trendy Entertainment,,
240,800 North and Digital Ranch,,
241,exosyphen studios,,
243,Devil's Details,,
244,Eyebrow Interactive,,
245,Giant Army,,
246,Colossal Order Ltd.,,
247,Martin Ivanov,,
249,X1 Software,,
250,AWAR,,
252,Streum On Studio,,
253,Dark Energy Digital Ltd.,,
254,Geoff 'Zag' Keene,,
255,Richard Keene,,
256,Zachtronics,,
257,Puppygames,,
258,Final Form Games,,
259,Messhof,,
260,Alientrap,,
261,Sparpweed,,
262,Codeglue,,
263,Colibri Games,,
264,Paul Fisch,,
265,Kot in Action Creative Artel,,
266,IllFonic,,
267,Murudai,,
269,Mode 7,,
270,Signal Studios,,
272,"Gaslamp Games, Inc.",,
273,"Nicalis, Inc.",,
274,"Grey Havens, LLC",,
278,Big Fat Alien,,
279,DANKIE,,
282,Re-Logic,,
283,Supergiant Games,,
284,MinMax Games Ltd.,,
285,Zeboyd Games,,
286,Recoil Games,,
287,Days of Wonder,,
288,Strange Loop Games,,
289,The Indie Stone,,
291,Rockstar Leeds,,
292,Mommy's Best Games,,
293,Swing Swing Submarine,,
295,Pocketwatch Games,,
296,Edmund McMillen and Florian Himsl,,
297,Reloaded Productions,,
298,Little Orbit,,
299,D-Pad Studio,,
300,Airtight Games,,
301,Wild Shadow Studios,,
302,Deca Games,,
303,Unigine Corp.,,
304,Studio Pixel,,
305,Desert Owl Games LLC,,
306,Vlambeer,,
307,Boss Baddie,,
308,Machine Games,,
310,Eidos-Montr√©al,,
311,Nixxes,,
312,Ino-Co Plus,,
314,Robert Briscoe,,
316,Capybara,,
317,Superbrothers,,
318,Jim Guthrie,,
320,Eden Industries,,
321,Ty Taylor and Mario Casta√±eda,,
322,The Quantum Astrophysicists Guild,,
323,The Behemoth,,
324,Rocket Bear Games,,
325,"Vblank Entertainment, Inc.",,
326,Ironclad Games,,
327,Stardock Entertainment,,
328,State of Play Games,,
329,Ubisoft - San Francisco,,
330,Arkedo,,
332,Darkpaw Games,,
333,Shadow Planet Productions,,
334,Black Pants Studio,,
335,Blit Software,,
336,Suspicious Developments,,
338,Freebird Games,,
339,"Standing Stone Games, LLC",,
340,Carbon Games,,
341,Reality Pump,,
242,SEGA,1960,27
342,Cobra Mobile,,
343,BlinkWorks Media,,
344,DoubleDutch Games,,
345,Tindalos Interactive,,
346,Almost Human Games,,
347,CodeBrush Games,,
349,Tribute Games Inc.,,
350,UBIart Montpellier,,
351,increpare games,,
352,Misfits Attic,,
353,Edge of Reality,,
354,AMPLITUDE Studios,,
355,"Aspyr (Mac, Linux, & Windows Update)",,
356,Gaijin Entertainment Corporation,,
357,WB Games Montreal,,
358,Muse Games,,
360,Curve Studios,,
361,Born Ready Games Ltd.,,
363,Data Realms,,
364,Wizarbox,,
365,Cipher Prime Studios,,
366,Jasper Byrne,,
367,"Hardsuit Labs, Inc.",,
368,"Thekla, Inc.",,
369,"Creative Assembly, PC Port - Hardlight",,
370,Kyle Pulver,,
371,"Tequila Works, S.L.",,
373,Smudged Cat Games Ltd,,
374,Sector3 Studios,,
376,Chucklefish,,
377,Fishlabs Entertainment GmbH,,
378,Star Gem Inc.,,
379,Cloud 9 Studio,,
381,Ubisoft Paris,,
382,Subset Games,,
383,"KRAFTON, Inc.",,
385,Ubisoft  Shangha√Ø,,
387,Doctor Entertainment AB,,
389,SNK Games,,
391,DrinkBox Studios,,
392,Edmund McMillen,,
393,Tyler Glaiel,,
394,Opus,,
396,Aleksey Abramenko,,
397,Ankama Studio,,
398,Gravity Interactive,,
399,KING Art,,
400,Lukewarm Media,,
401,Ratloop Asia,,
402,Benjamin Rivers Inc.,,
403,ASK Homework,,
404,Naddic Games,,
405,Cyanide Studio,,
406,I-deal Games,,
408,CI Games,,
409,Rogue Planet Games,,
410,"Level Up Labs, LLC",,
411,Targem Games,,
412,OVERKILL - a Starbreeze Studio.,,
413,Shiver Games,,
414,5th Cell Media,,
415,Might and Delight,,
416,Dennaton Games,,
417,Stoic,,
418,Torn Banner Studios,,
419,Ed Key and David Kanaga,,
420,Transhuman Design,,
421,Alexander Bruce,,
422,Crate Entertainment,,
423,Redlynx Ltd,,
425,"Ubisoft Montreal, Massive Entertainment, and Ubisoft Shanghai",,
426,Giants Software,,
428,Zero Sum Games,,
429,Gotcha Gotcha Games,,
430,KADOKAWA,,
431,Yoji Ojima,,
432,Bithell Games,,
433,Exor Studios,,
434,Sos Sosowski,,
435,Tomorrow Corporation,,
436,Skybox Labs,,
437,Forgotten Empires,,
438,Terry Cavanagh,,
439,Galactic Cafe,,
440,Denis Galanin (mif2000),,
442,Abbey Games,,
444,SNK CORPORATION,,
445,CSR-Studios,,
447,Running With Scissors,,
448,LudoCraft Ltd.,,
449,Team Psykskallar,,
450,Eagle Dynamics SA,,
451,Goldhawk Interactive,,
452,No More Room in Hell Team,,
454,Young Horses,,
455,Robotronic Games,,
456,Jagex Limited,,
457,Polytron Corporation,,
459,Starbreeze Studios AB,,
460,General Arcade,,
461,Over the Top Games,,
463,Sven Co-op team,,
464,Digital Eel,,
466,Fredaikis AB,,
467,Radial Games Corp,,
468,Minority Media Inc.,,
469,Reverie World Studios,,
470,Tiger Style,,
471,Artifice Studio,,
473,Old School Games,,
474,Alligator Pit,,
475,Sauropod Studio,,
476,RETO MOTO,,
477,Beamdog,,
478,DONTNOD Entertainment,,
479,Shiny Shoe,,
480,Bugbear,,
481,NAMCO,,
483,Going Loud Studios,,
484,Brightrock Games,,
485,Metanet Software Inc.,,
486,droqen,,
487,Threaks,,
488,"Gravity, Inc.",,
490,"Olli Harjola, Otto Hantula, Tom Jubert, Carlo Castellano",,
491,Cardboard Computer,,
492,Behold Studios,,
493,Snowbird Games,,
494,Fullbright,,
495,Stone Blade Entertainment,,
496,22cans,,
497,Double Eleven,,
498,Shiro Games,,
499,Refract,,
500,Bossa Studios,,
501,The Men Who Wear Many Hats,,
502,Lo-Fi Games,,
503,@unepic_fran,,
504,MercurySteam,,
507,Test3 Projects,,
509,CyberConnect2 Co. Ltd.,,
510,The Story Mechanics,,
513,Ubisoft Toronto,,
514,Ludochip,,
515,Humble Hearts LLC,,
516,Zero Point Software,,
518,"FromSoftware, Inc",,
519,"Mine Loader Software Co., Ltd.",,
520,Serellan LLC,,
523,KOG,,
524,WayForward,,
526,Pathea Games,,
527,Eidos Montreal,,
528,Apogee Software,,
530,Handyman Studios,,
532,Robot Loves Kitty,,
533,Red Barrels,,
534,Pieces Interactive,,
535,"Monochrome, Inc",,
537,Lucas Pope,,
538,Crackshell,,
539,Mossmouth,,
540,Toxic Games,,
541,Greenheart Games,,
542,Panzar Studio,,
543,Bennett Foddy,,
544,Game Dev Castle,,
546,Ivory Tower in collaboration with Ubisoft Reflections,,
547,Cellar Door Games,,
549,Full Control Studios,,
550,"Masangsoft, Inc.",,
551,Endnight Games Ltd,,
552,M2H,,
553,Blackmill Games,,
554,Big Robot Ltd,,
555,Shining Rock Software LLC,,
556,My Little Planet Ltd,,
557,Mucky Foot Productions Ltd,,
558,Blackpowder Games,,
559,Q-Games Ltd.,,
560,Gamepires,,
561,777 Studios,,
563,Schine GmbH,,
565,Poppermost Productions,,
566,WastedStudios,,
567,Mind Over Matter Studios,,
568,Hidden Variable Studios,,
569,Cyberdreams,,
570,Positech Games,,
571,"RedLynx, in collaboration with  Ubisoft Shanghai, Ubisoft Kiev",,
572,Ironhide Game Studio,,
573,Modern Dream,,
574,Ndemic Creations,,
575,WildTangent,,
576,RuneStorm,,
577,Nomad Games,,
578,Vertigo Gaming Inc.,,
579,Brace Yourself Games,,
580,Crazy Viking Studios,,
582,"Nether Productions, LLC",,
583,Keen Games,,
584,Dekovir Entertainment,,
585,Team Reptile,,
586,Nabi Studios,,
587,KillHouse Games,,
588,Hitcents,,
589,Hopoo Games,,
590,Blue Bottle Games,,
591,Rain Games,,
592,Priority Interrupt,,
593,Chad Cuddigan,,
594,Joshua Skelton,,
595,BetaDwarf,,
596,Infinite Monkeys Entertainment Ltd.,,
597,Dotemu,,
598,Necrophone Games,,
599,Eric Hartman,,
600,Ben Garney,,
601,Anthony Rotondo,,
603,Archive Entertainment,,
604,ClockStone,,
605,Stygian Software,,
606,Krillbite Studio,,
607,Yacht Club Games,,
608,9heads Game Studios,,
609,"Extremely OK Games, Ltd.",,
610,The Fun Pimps,,
611,OVERDRIVE,,
612,Cornered Rat Software,,
613,Hanako Games,,
614,Endlessfluff Games,,
615,Asteroid Base,,
616,Victor Solodilov,,
617,Denis Novikov,,
618,Spicyhorse Games,,
619,Blue Isle Studios,,
620,Image & Form Games,,
621,MR-Software GbR,,
622,Rocketcat Games,,
623,Madgarden,,
624,Minor Key Games,,
625,BeautiFun Games,,
626,Leafy Games,,
627,Psyonix LLC,,
628,Flippfly LLC,,
629,Gears for Breakfast,,
630,Radiant Entertainment,,
631,DigitalDNA Games LLC,,
633,Topware Interactive,,
634,Starbreeze,,
635,Cherry Pop Games,,
636,Koboldgames,,
637,Ubisoft Montr√©al,,
638,Northway Games,,
639,Sarah Northway,,
640,Mixamo,,
641,Lightmare Studios,,
642,2Play,,
643,Heart Machine,,
644,TORaIKI,,
645,The Astronauts,,
646,Ex Nihilo,,
647,ARTE France,,
648,Netcore Games,,
649,Digital Leisure Inc.,,
650,JoWooD Vienna,,
651,KADOKAWA GAMES / GRASSHOPPER MANUFACTURE,,
653,Stage 2 Studios,,
654,Moon Studios GmbH,,
655,Red Hook Studios,,
656,Tomoaki Sugeno,,
657,Coilworks,,
658,Noble Empire Corp.,,
659,Revolution Software Ltd,,
660,GhostShark,,
662,Wyrmbyte,,
663,Mad Otter Games,,
664,Zenith Blue,,
665,Secret Exit Ltd.,,
666,MiniBoss,,
667,Vae Victis Games,,
668,Vitali Kirpu,,
669,Silver Dollar Games,,
670,Interdimensional Games Inc,,
671,stage-nana,,
672,Unknown Worlds Entertainment,,
673,Deck 13,,
674,Capcom Game Studio Vancouver,,
675,Ironward,,
676,Matt Roszak,,
677,Fistful of Frags Team,,
678,Net Games Laboratory,,
679,Matthew Brown,,
680,Thomas Bowker,,
681,Mighty Rabbit Studios,,
682,Gun.,,
683,IO Entertainment,,
684,Smoking WOLF,,
511,Altar Games,,
685,TheGameCreators,,
686,iRacing.com Motorsport Simulations,,
687,iRacing,,
688,Elijah Newman-Gomez,,
689,Defiant Development,,
690,SkyBox Labs,,
691,Oxide Games,,
692,Armature Studio,,
693,TT Fusion,,
694,Cliffhanger Productions,,
695,Rage Software,,
697,X-Legend,,
698,Brilliant Skies Ltd.,,
699,SmashGames,,
700,EVGA,,
701,5 Lives Studios,,
702,Studio MDHR Entertainment Inc.,,
703,Elias Viglione,,
704,Jussi Kukkonen,,
705,Dreadlocks Ltd.,,
706,Frogmind,,
707,Pixel Ferrets,,
708,Digital Happiness,,
709,Laminar Research,,
710,Osumia Games,,
711,The Quinnspiracy,,
712,Patrick Lindsey,,
713,Isaac Schankler,,
714,Icetesy SPRL,,
715,Erik Asmussen,,
716,Awesome Games Studio,,
717,PlayWay S.A.,,
718,Red Dot Games,,
719,Mohawk Games,,
720,BumpkinBrothers,,
721,Flump Studios,,
722,Senscape,,
723,Cryptic Sea,,
724,"CyberConnect2 Co., Ltd.",,
725,Kinelco & Lone Elk Creative,,
726,"Valve Corporation, Nexon Korea Corporation",,
729,Deconstructeam,,
730,Vagabond Dog,,
731,Stellar Jockeys,,
732,Gausswerks,,
733,Acid Wizard Studio,,
734,"Laser Guided Games, LLC",,
735,Atomic Kraken,,
736,JForce Games,,
737,Holotech Studios,,
738,Digital Confectioners,,
739,Ostrich Banditos,,
740,Coatsink,,
741,CrazyMoo Games,,
742,Passtech Games,,
743,Hello Games,,
744,Rogue Factor,,
746,"KOEI TECMO GAMES CO., LTD.",,
747,Gone North Games,,
748,Dancing Dragon Games,,
749,–î–º–∏—Ç—Ä–∏–µ–≤ –ú–∞–∫—Å–∏–º –ö–æ–Ω—Å—Ç–∞–Ω—Ç–∏–Ω–æ–≤–∏—á,,
750,Nekrosoft,,
751,Primal,,
752,Lince Works,,
753,Midgar Studio,,
754,Fusty Game,,
755,Knuckle Cracker,,
756,Burian Media Enterprises,,
757,Krita Team,,
758,Playful Corp.,,
759,Blackbird Interactive,,
760,Gojira,,
761,Dreamworlds,,
762,Enter Skies,,
763,Nvizzio Creations,,
764,EasyAntiCheat Ltd,,
765,Orange_Juice,,
766,"IDEA FACTORY Co., Ltd.",,
767,"COMPILE HEART Co., Ltd.",,
768,"FELISTELLA Co., Ltd.",,
769,Idol FX,,
770,Ska Studios,,
771,Crystal Shard,,
772,DreamForge Intertainment,,
773,BeamNG,,
774,Finish Line Games,,
775,Holy Warp,,
777,The Digital Puzzle Company,,
778,Chris Sawyer Productions,,
779,Spearhead Games,,
780,Tortuga Team,,
781,Boneloaf,,
782,Payload Studios,,
783,"BadFly Interactive, a.s.",,
784,Cuve Games,,
785,Berserk Games,,
786,ALICE IN DISSONANCE,,
788,"Dragonfly GF Co., LTD",,
789,Ironsun Studios,,
790,Codemasters Digital,,
791,Big Bad Wolf,,
661,Arc System Works,1988,27
792,Konami Digital Entertainment,,
793,Star Vault AB,,
794,Dinosaur Polo Club,,
795,Fireproof Games,,
796,ProjectorGames,,
798,"Gravity Interactive, Inc.",,
799,weltenbauer. Software Entwicklung GmbH,,
800,Bitbox Ltd.,,
801,Double Damage Games,,
802,League of Geeks,,
803,Gravvit Ltd,,
804,Forbes  Consult Ltd,,
805,Over The Moon,,
806,Six Foot,,
807,MY.GAMES,,
808,Blue Mammoth Games,,
809,Kodots Games,,
810,30.06 Studios Ltd,,
812,Eutechnyx,,
813,Utopian World of Sandwiches,,
814,Paul Marrable,,
815,Rail Slave Games,,
816,Future Games,,
817,Unknown Identity,,
818,Microblast Games,,
819,The Knights of Unity,,
820,Masthead Studios Ltd,,
821,Camshaft Software Ltd,,
822,Powerhoof,,
823,VaragtP,,
824,Ludeon Studios,,
826,Andy Wallace,,
827,Upper One Games,,
828,E-Line Media,,
829,Key17 Games,,
830,Aquiris Game Studio,,
831,Stegersaurus Software Inc.,,
832,Game in a Bottle,,
833,Asteristic Game Studio,,
834,Anthony Septim,,
835,AwesomeBlade,,
836,DL Softworks,,
837,Acid Nerve,,
838,NGD Studios,,
632,Expansive Worlds,,
839,"Ubisoft Montreal, Red Storm, Shanghai, Toronto, Kiev",,
840,Hunted Cow Studios,,
841,Scott Cawthon,,
842,Creability,,
843,Night Node,,
844,QUICKTEQUILA,,
845,Mouldy Toof Studios,,
846,Colossal Games,,
847,Toadman Interactive,,
850,Entrada Interactive LLC,,
851,GamePrix,,
852,"EQ-Games , Pixel Dash Studios",,
853,Freejam,,
854,Uppercut Games Pty Ltd,,
855,Samurai Punk,,
856,Subvert Games,,
857,Polygon Moon,,
858,Ian MacLarty,,
859,Jon Kerney,,
860,Novalink,,
861,Everything Unlimited Ltd.,,
862,Ubisoft Quebec,,
863,Failbetter Games,,
864,Urban Games,,
865,Smartly Dressed Games,,
867,DR Studios,,
868,Hinterland Studio Inc.,,
869,Kitfox Games,,
870,Ninja Kiwi,,
871,Antanas Marcelionis,,
872,Renƒó Petrulienƒó,,
873,Zenimax Online Studios,,
874,The Software Refinery,,
875,RVL Games,,
876,Game-Labs,,
877,Cyan Inc.,,
878,Darkelite Studio Inc,,
879,Deli Interactive LLC,,
880,Tribe Studios,,
881,CreativeForge Games,,
882,QLOC,,
883,Last Bastion Studios LLC,,
885,Bedtime Digital Games,,
886,Sand Sailor Studio,,
887,Milkstone Studios,,
888,Ben Johnson (bencelot),,
889,Kyy Games,,
891,Hato Moa,,
892,The Irregular Corporation,,
893,CyberCoconut,,
894,Fabio Ferrara,,
895,Codemasters Racing Studio,,
896,"Spike Chunsoft Co., Ltd.",,
898,GolemLabs,,
899,Grimlore Games,,
900,Ubisoft Sofia,,
901,Ubisoft Kiev,,
902,Dodge Roll,,
903,Team NINJA,,
904,New Reality Games,,
905,Hyper Hippo Games,,
906,BlueLine Games,,
907,The Artistocrats,,
908,Videocult,,
909,Landon Podbielski,,
910,DotEmu SAS.,,
912,Quantic Dream (original release),,
913,Beam Team Games,,
914,TAD Productions AB,,
915,David OReilly,,
916,Hourences,,
917,Grip Games,,
918,TT Games Ltd,,
919,Love in Space,,
920,Winged Cloud,,
921,Mokus,,
922,Dan  Walters,,
923,Ceri Williams,,
924,Microsoft Game Studios,,
925,Sinclair Strange,,
926,Bernt Andreas Eide,,
927,Rake in Grass,,
928,Sharpened Edge Studios,,
929,"Just Add Water (Developments), Ltd.",,
930,Comcept,,
931,Inti Creates,,
932,Noble Master LLC,,
933,Bluebutton Games,,
934,Stainless Games Ltd.,,
935,Cross-Product,,
936,Double Action Factory,,
937,REMIMORY,,
938,Cosmic Cow LLC,,
940,Tomi Maarela,,
941,The Molasses Flood,,
942,Idigicon,,
943,MobileBits,,
944,Alex Piola,,
945,Chasing Carrots,,
946,SDP Games,,
811,Gremlin Interactive,1984,9
947,Circle Five Studios,,
948,Pub Games,,
949,Supra Games,,
951,Batterystaple Games,,
952,Fire Hose Games,,
953,RobTop Games,,
954,SUPERHOT Team,,
955,FiolaSoft Studio,,
956,Indimo Labs LLC,,
957,Choice Provisions,,
958,"Reflections, a Ubisoft Studio",,
959,DIMPS,,
960,Thunder Lotus Games,,
961,Those Awesome Guys,,
962,JIW-Games,,
963,stillalive studios,,
964,Reakktor Studios,,
965,Portalarium,,
966,AIGRIND,,
967,Tasharen Entertainment Inc.,,
968,kChamp Games,,
969,David Hensley,,
970,Alex Quick,,
972,Black Eye Games,,
973,Google,,
974,rdt.32,,
975,Motiga Inc.,,
976,Rhaon Entertainment,,
977,Raymond Doerr,,
978,Chris Hecker,,
979,John Cimino,,
980,Infinity Plus 2,,
981,Anisoptera Games,,
982,Carbon,,
983,Sonic Team,,
984,Ganz Studio,,
985,Dead Mage,,
986,YFYX GAMES,,
987,VIS-Games,,
988,Hoplon,,
989,Soviet Games,,
990,Atmos Games,,
991,"Jackbox Games, Inc.",,
992,"JumpStart Games, Inc.",,
993,Thomas Happ Games LLC,,
994,"BitMonster, Inc.",,
995,Fayju,,
996,Black Lime Studio,,
997,Glowstick Entertainment,,
998,Animu Game,,
999,NEKO WORKs,,
1001,Clapfoot,,
1002,BlankMediaGames,,
1003,Zero-K Team,,
1004,Atelier 801,,
1005,Exe Games Inc.,,
1006,Omniconnection,,
1007,Dingaling,,
1008,Shifty Chair Games,,
1009,South East Games,,
1010,Galaxy Gate,,
1011,Eforb,,
1012,[geim].pro,,
1013,Charyb Games,,
1014,SDEnterNet,,
1015,Cornfox & Brothers Ltd.,,
1016,S2 Games,,
1017,Blackfire,,
1018,Sometimes You,,
1019,KIXEYE,,
1020,JOYCITY,,
1021,HuniePot,,
1023,JAVELIN O√ú,,
1024,Bytebin,,
1025,Desktop Daydreams Studios,,
1026,Eggcode,,
1027,Lesley Dodd,,
1028,Anteater Games,,
1029,Eat Create Sleep,,
1030,Steel Crate Games,,
1031,Destructive Creations,,
1032,Lightbulb Crew,,
1033,Vertigo Games,,
1034,Jaywalkers Interactive,,
1035,Piranha Games Inc.,,
1036,Blowfish Studios,,
1037,David Stark,,
1038,GameUS Inc.,,
1039,Triangle Studios,,
1040,MovingBlocks,,
1041,Black Shell Games,,
1042,Alawar Dreamdale,,
1043,MAGICS,,
1044,IMGN.PRO,,
1045,Luden.io,,
1046,Cat5Games,,
1047,Acido Cinza,,
1048,Allicorn Games,,
1049,Code}{atch,,
1050,The Odd Gentlemen,,
1051,3000AD,,
1052,InvertMouse,,
1053,Spiderling Studios,,
1055,Instinct Games,,
1056,Efecto Studios,,
1057,Virtual Basement LLC,,
1058,Spasman Games,,
1059,Red Dwarf Games,,
1060,Reperio Studios,,
1061,Little World Studio,,
1062,Back To Basics Gaming,,
1063,Z-Software,,
1064,Craze Creative Studios,,
1065,Free Reign Entertainment,,
1066,T3 Entertainment,,
1068,Hellscape Games,,
1069,Sanctum Games,,
1073,Fakt Software,,
1074,Gaming Corps AB,,
1075,BANDAI NAMCO Studio Inc.,,
1076,Section Studios,,
1077,House On Fire,,
1078,Crytivo,,
1079,4 I Lab,,
1080,Nina Freeman,,
1081,Emmett Butler,,
1082,Decky Coss,,
1083,Joni Kittaka,,
1084,Alexey Davydov,,
1085,Sergey Dvoynikov,,
1086,Timofey Shargorodskiy,,
1087,Four Quarters,,
1088,"CRAZYDIAMOND CO., LTD.",,
1089,Infinite Dreams,,
1090,Hoobalugalar_X,,
1092,Unicube,,
1093,Team 17 Digital Ltd,,
1094,Icy Donut,,
1095,Soccer Manager Ltd,,
1096,Drool,,
1097,Pinokl Games,,
1098,Kverta,,
1099,Lag Studios,,
1100,David Mulder,,
1101,"CAPCOM CO., LTD.",,
1102,Giorgi Abelashvili,,
1105,marbenx,,
1107,Reiza Studios,,
1108,Estelion,,
1110,Frogsong Studios,,
1111,Jetdogs Studios,,
1112,Zoom Out Games,,
1113,Moppin,,
1114,Playtonic Games,,
1115,Tigerish Games,,
1116,"AndrewDrumov, Sanke Berdochan",,
1117,Code Headquarters LLC,,
1118,Forever Entertainment S. A.,,
1119,Gamious,,
1120,Le Cartel Studio,,
1121,System Era Softworks,,
1122,Retro Yeti Games,,
1123,OddOneGames,,
1124,Bare Mettle Entertainment,,
1125,SilentFuture,,
1126,Coredumping,,
1127,Killmonday Games AB,,
1128,Crowbar Collective,,
1129,Artefacts Studio,,
1130,Mint Age Studios,,
1131,Silent Dreams,,
1132,Playsaurus,,
1133,"Sparkypants Studios, LLC",,
1134,KITATUS STUDIOS,,
1135,Shokunin,,
1136,Thomas M. Visser,,
1137,Vincent Thiele,,
1138,Overhype Studios,,
1139,Team Fractal Alligator,,
1141,Blender Foundation,,
1142,Studio 397,,
1143,Pipliz,,
1144,Code Club AB,,
1145,Michaela Laws,,
1146,Dry Cactus,,
1147,Team Cherry,,
1148,Maciej Targoni,,
1149,Wojciech Wasiak,,
1150,Koga Tech Limited,,
1151,Noio,,
1152,Licorice,,
1153,Radical Fish Games,,
1154,Robot Gentleman,,
1155,Sam Barlow,,
1156,"Ubisoft Quebec, in collaboration with Ubisoft Annecy, Bucharest, Kiev, Montreal, Montpellier, Shanghai, Singapore, Sofia, Toronto studios",,
1157,tinyBuild,,
1158,AGC,,
1159,Charlie Oscar Lima Tango Interactive Entertainment,,
1161,"Bimboosoft Co.,Ltd.",,
1162,BitCake Studio,,
1163,Clifftop Games,,
1164,Cleverweek,,
1165,Creobit,,
1166,Turning Wheel LLC,,
1167,"IMCGAMES Co.,Ltd.",,
1168,BANDAI NAMCO Entertainment Inc.,,
1169,Basaltic studio,,
1170,Marxnet,,
1171,Mannequin Games LLC,,
1172,Baggy Cat Ltd.,,
1173,‚ñ≥‚óã‚ñ°√ó (Miwashiba),,
1174,Variable State,,
1175,Absolut Soft LLC,,
1176,"FromSoftware, Inc.",,
1177,Kilted Camel,,
1178,Tower Five,,
1179,Behaviour Interactive Inc.,,
1180,Subworld,,
1181,Creoteam,,
1182,Zoe Vartanian,,
1183,Badru,,
1184,Isa Hutchinson,,
1185,Michael Bell,,
1186,Afterthought LLC,,
1188,D-Games,,
1189,Wulo Games,,
1190,Heluo Studio,,
1191,Lightning Man Media,,
1192,Diminished Studios,,
1195,Scary Bee LLC,,
1196,Fishing Planet LLC,,
1197,Teeworlds Team,,
1198,Panda Studio,,
1199,ILMxLAB,,
1200,Guy Godin,,
1201,InSayn,,
1202,Rogue Snail,,
1203,Eleon Game Studios,,
1204,Lamina Studios,,
1205,Mike Studios,,
1206,Alister Software,,
1207,S.C. 16 BIT NIGHTS S.R.L.,,
1208,Campo Santo,,
1209,Dan Fornace,,
1210,AHA Entertainment,,
1212,Giant Squid,,
1213,"StartupTim, LLC",,
1214,Tim Sullivan,,
1215,YFC games,,
1216,Astronomic Games,,
1217,Tall Story Studios,,
1218,JDM4iK,,
1219,Droid Riot,,
1220,ZackBellGames,,
1221,"Yuke's Co., LTD",,
1222,Proton Studio Inc,,
1224,Planetary Annihilation Inc,,
1225,Titan Forge Games,,
1226,Clever Endeavour Games,,
1227,the whale husband,,
1228,gord10,,
1229,Aslan Game Studio,,
1230,Axolot Games,,
1232,Night School Studio,,
1233,NeuronHaze,,
1234,Noah System,,
1235,Mgame,,
1236,yfyx games,,
1237,Freakinware Studios,,
1238,BANDAI NAMCO Studios Inc.,,
1239,Sirlin Games,,
1240,ICE Entertainment,,
1241,quad games,,
1242,Labyrinthine,,
1243,David Szymanski,,
1244,tobyfox,,
1245,Bloober Team SA,,
1246,Butterscotch Shenanigans,,
1247,Duion,,
1249,Offworld Industries,,
1250,WoS Development Team,,
1251,Bankroll Studios,,
1252,Joakim Sandberg,,
1253,PlayFlock,,
1254,Lazy Bear Games,,
1255,Pinterac,,
1256,PixelTail Games,,
1257,Jesse Makkonen,,
1258,AlPixel Games,,
1259,Luis Diaz,,
1260,Gustavo Santos,,
1261,Albert Fernandez,,
1262,Tice Thomason,,
1263,Massive Monster,,
1264,ROCKFISH Games,,
1265,Caged Element Inc.,,
1267,G2CREW,,
1268,"Jundroo, LLC",,
1269,Landfall,,
1270,Digital Melody,,
1271,Fishing Cactus,,
1272,Interactive Stone,,
1273,ninjalex,,
1274,ShareX Team,,
1275,Erik Sved√§ng,,
1276,El Huervo / Niklas √Ökerblad,,
1277,Tobias Sj√∂gren,,
1278,"Oscar ""Ratvader"" Rydelius",,
1279,Johannes Gotl√©n,,
1280,Knuist & Perzik,,
1281,CreSpirit,,
1282,GemaYue,,
1284,34BigThings srl,,
1285,Tabletopia Inc.,,
1286,Fenix Fire Entertainment,,
1287,Codename Entertainment Inc.,,
1288,Madruga Works,,
1289,Space Cat Studios,,
1290,PiGravity,,
1291,Michael Zahniser,,
1292,Games Farm,,
1293,Godot Engine,,
1294,Daniel Mullins Games,,
1295,Plukit,,
1296,"Nippon Ichi Software, Inc.",,
1297,Dominique Grieshofer,,
1298,New Game Order,,
1299,"AltspaceVR, Inc.",,
1300,DeGenerals S.A.,,
1301,Ludosity,,
1302,Remar Games,,
1303,Overhead Games,,
1304,Crows Crows Crows,,
1305,Shumkov Dmitriy,,
1306,Blind Squirrel,,
1307,Ink Stains Games,,
1308,SANDLOT,,
1309,Hex Entertainment,,
1310,Nightdive Studios,,
1311,EarthWork Games,,
1312,SimTex,,
1313,Flying Robot Studios,,
1314,GDT Limited,,
1315,Leo B,,
1316,MAGES. Inc.,,
1317,ConcernedApe,,
1318,Abstraction Games,,
1319,Allods Team,,
1320,Playsport Games,,
1321,NetDragon Websoft Inc.,,
1322,Crematorium of Time,,
1323,High Horse Entertainment,,
1000,Freehold Games,,
1324,NoClip,,
1325,SeithCG,,
1326,Kyle Seeley,,
1327,Crazy Rocks Studios,,
1328,ColdGames,,
1329,SnowFlame,,
1330,Lion's Shade,,
1332,Rooster Teeth Games,,
1333,Antimatter Games,,
1334,BlitWorks,,
1336,Mastfire Studios Pty Ltd,,
1337,Future Cat LLC,,
1338,Pilgrim Adventures,,
1339,GrabTheGames Studios,,
1340,Crunchy Games,,
1341,Metropolis,,
1342,EGAMER,,
1343,Sorath,,
1344,SomaSim,,
1345,Moonlit Works,,
1346,SnoutUp,,
1347,WOLCEN Studio,,
1348,Night Node Software,,
1350,TML-Studios,,
1351,Wube Software LTD.,,
1352,Evil Tortilla Games,,
1353,Square Enix Montr√©al,,
1354,Stegalosaurus Game Development,,
1355,Bombservice,,
1356,KeokeN Interactive,,
1357,U-Play Online,,
1358,10tons Ltd,,
1359,16bit Nights,,
1360,Old B1ood,,
1361,"Artix Entertainment, LLC",,
1362,Blacklight Interactive,,
1363,David Capello,,
1364,Stitch Heads Entertainment,,
1365,Wallpaper Engine Team,,
1366,MagdalenaTeam,,
1367,Monomi Park,,
1368,Vertigo Games America,,
1369,Adamvision Studios,,
1370,"Nerve Software, Gearbox Software, LLC",,
1371,Freeze Nova,,
1372,Little Big Lee,,
1373,Big Corporation,,
1374,Faton,,
1375,Hunter Studio,,
1376,Room710Games,,
1377,Adriaan de Jongh,,
1378,Sylvain Tegroeg,,
1379,Oleg Sergeev,,
1380,Andrey Rumak,,
1381,Do My Best,,
1382,Four Circle Interactive,,
1383,Guru Games,,
1384,Azerion,,
1385,YoudaGames,,
1386,BlackSpot Entertainment,,
1387,Aldin Dynamics,,
1388,Xaviant,,
1389,vikingfabian.com,,
1390,WeirdBeard,,
1391,Sekerin Productions,,
1392,Chuck Productions,,
1393,Playa Games GmbH,,
1394,VRChat Inc.,,
1395,Redro Games,,
1396,NukGames,,
1397,BANDAI NAMCO Studio,,
1398,SHIFT,,
1399,FlyAnvil,,
1400,"ALLM Co., Ltd.",,
1401,Stray Fawn Studio,,
1402,DNVR Prod,,
1404,Pixel Titans,,
1405,Bad Pixel,,
1406,LWNA,,
1407,Weappy Studio,,
1408,Evil Mojo Games,,
1409,Wargaming Group Limited,,
1410,Mihai Morosanu,,
1411,exagongames,,
1412,Magic Pixel Kft.,,
1413,Logic Artists,,
1414,Boxelware,,
1415,Contingent99,,
1416,Minskworks,,
1417,Encircle Games,,
1418,"Valkyrie Entertainment, LLC",,
1419,GIANTS Software,,
1420,IKEA Communications AB,,
1421,Sukeban Games,,
1422,Labory,,
1423,Retraissance,,
1424,Ghost Town Games Ltd.,,
1425,treeform,,
1426,RMAL,,
1427,K Bros Games,,
1428,Thing Trunk,,
1429,RUST LTD.,,
1430,Airship Syndicate,,
1431,Code Horizon,,
1432,"Wevr, Inc.",,
1433,Deadpan Games,,
1434,Texel Raptor,,
1435,"Cygames, Inc.",,
1436,Lee Sang,,
1437,Fifth Dimension Company,,
1438,Sergey Dovganovskiy,,
1439,DiP Online,,
1440,Harotobira,,
1441,Cruderocks,,
1442,"Bigscreen, Inc.",,
1444,Sad Panda Studios,,
1445,Little Stone Software,,
1446,Ubisoft Annecy,,
1447,Ubisoft Bucharest,,
1448,Ubisoft Milan,,
1449,Reflections,,
1450,Ubisoft Belgrade,,
1451,Askiisoft,,
1452,Blind Sky Studios,,
1453,Dosane Games,,
1454,Atum Software,,
1455,Outlands,,
1456,Panoramik Inc,,
1457,Pixel Crow,,
1458,KAIKO,,
1459,Noclip,,
1460,Robert Alvarez,,
1461,Slug Disco Studios,,
1462,Evermore Game Studios,,
1463,Reikon Games,,
1464,„Ç§„É≥„É¨,,
1465,Inre,,
1466,YETU GAME,,
1467,Egidijus Bachur,,
1468,Shugasu GmbH,,
1469,Baseline,,
1470,–ù–æ—Å–∫–æ–≤ –°–µ—Ä–≥–µ–π,,
1471,Digital Dawn Studios,,
1472,Four Winged Studio,,
1473,TPP Studio,,
1474,Con Artist Games,,
1475,Viswanath Atlu,,
1476,Laurie Banks,,
1477,Rohan Bhukan,,
1478,Nick Burnham,,
1479,Avinash Kalapala,,
1480,Yash Kapani,,
1481,Katharine Marsh,,
1482,Ankur Rathore,,
1483,Hardit Singh,,
1484,Anoop Nihar Srinivas,,
1485,Ryan Guanyuhao Jiang,,
1486,Robert Zhu,,
1487,Lightspeed Studios‚Ñ¢,,
1488,Bit Golem,,
1489,AutoAttack Games,,
1491,Ubisoft Entertainment,,
1492,Rec Room,,
1493,Sloclap,,
1494,Neognosis,,
1495,White Rabbit Games,,
1496,Nerial,,
1498,Warm Lamp Games,,
1499,Joy Impact,,
1500,No Brakes Games,,
1501,StrangeLight Games,,
1502,Fantasy Flight Games,,
1503,ESEA,,
1504,Other Ocean Interactive,,
1505,Infinite Fall,,
1507,Playata GmbH,,
1508,ZOV GAME STUDIO,,
1509,Indie Game Group,,
1510,Nostalgia Hound,,
1511,Unusualsoft,,
1512,Cats Who Play,,
1513,Tero Lunkka,,
1514,Free Games Info,,
1515,hyperboreanGames,,
1516,Ubisoft San Francisco,,
1517,Amaterasu Software,,
1518,Proxy Studios,,
1519,Bulkhead Interactive,,
1520,Lunarch Studios,,
1521,Sinister Systems,,
1522,Maxime V√©zina,,
1523,Crenetic GmbH Studios,,
1524,Panda Indie Studio,,
1525,Osmotic Studios,,
1527,"Forward Development, Ltd.",,
1528,10 Chambers,,
1529,Delusional Games,,
1530,Deep Water Studio,,
1531,JCKSLAP,,
1532,Neople,,
1533,Downpour Interactive,,
1534,Mindillusion,,
1535,DUCK,,
1536,Colossal Wreck,,
1537,PRORTUS,,
1538,Invictus Games Ltd.,,
1539,ImageCode,,
1540,Rabbiton,,
1541,Mantis Games,,
1542,AG media,,
1543,"Strawberry Game Studios, LLC",,
1544,Giant Sparrow,,
1546,VGstudio,,
1547,RPG Video,,
1548,Freakinware Limited,,
1549,Dream Works,,
1550,Jutsu Games,,
1551,Wenkly Studio Sp. z o.o.,,
1552,Gaming Minds Studios,,
1553,Perfectly Paranormal,,
1554,CRASS Studios,,
1555,Stainless Games Ltd,,
1557,"Cloudcade, Inc.",,
1558,Ardi Studio,,
1559,Echo Hall Studios,,
1560,BeHappy Studios,,
1561,CyberLight Game Studio,,
1562,Eric Ruts,,
1563,Jacob Kooiman,,
1564,Onyx Lute,,
1565,Pragmatix Ltd,,
1566,Vile Monarch,,
1567,Home Net Games,,
1568,Matt Dabrowski,,
1569,nobodyshot,,
1570,Invi Games,,
1571,KHB-Soft,,
1572,Buka Game Studio,,
1573,Alexey Khazov,,
1574,Cristian Ionescu,,
1575,Lars van Dorenvanck,,
1576,Brandon van Doorn,,
1577,Joran Vergoessen,,
1578,Admir Leka,,
1579,Vladimir Shlapak,,
1580,npp_trainer,,
1581,Czester16,,
1582,PigLion Games,,
1584,Impressions Games,,
1585,ProGames Studio,,
1586,Superboss Games,,
1587,Squanch Games,,
1588,SirGoose,,
1589,Stanislaw Truchowski,,
1590,SOFF Games,,
1591,Dynamic Pixels,,
1592,Draw Distance,,
1593,Blue Brain Games,,
1594,Atomic Fabrik,,
1595,Cristian Manolachi,,
1596,Digital Cybercherries,,
1597,PlatinumGames Inc.,,
1598,FNTASTIC,,
1599,Egor Magurin,,
1600,Eugene Radaev,,
1601,IronOak Games,,
1602,Mahhaon,,
1603,Art-Arcade,,
1604,Sun Pixel,,
1605,Anatoliy Loginovskikh,,
1606,Flow Fire Games,,
1607,DEADBIT,,
1608,StevenHarmonGames,,
1609,Snail Games USA,,
1610,ColloseusX,,
1611,"BNA Studios, LLC",,
1612,Vaclav Hudec,,
1613,Haydee Interactive,,
1614,Berzerk Studio,,
1615,Dire Wolf,,
1616,THE BROTHERHOOD,,
1617,Quiet River,,
1618,Tentacle Games,,
1619,Fate Dragon Studio,,
1622,"Move Games Co., Ltd.",,
1623,Runner Duck,,
1624,Matt Hooper,,
1625,Mighty Morgan,,
1626,Portable Moose,,
1627,StalkerAlex,,
1628,"Capcom Game Studio Vancouver, Inc.",,
1629,RocketWerkz,,
1630,Exozet,,
1631,BANDAI NAMCO Studios,,
1632,Dimps Corporation,,
1633,1939 Games,,
1634,Scavengers Studio,,
1636,Double Coconut,,
1637,Bitbaboon,,
1638,Robotality,,
1639,Quantum Phoenix Kiev,,
1640,Michail Romanov,,
1641,Denis Esie,,
1642,Bogdan Rozymny,,
1643,Artem Lynev,,
1644,Artur Samoylenko,,
1645,Ghost Ship Games,,
1646,Mana Potion Studios,,
1647,"Entwell Co., Ltd.",,
1648,VALOFE,,
1649,NS STUDIO,,
1650,WEBZEN Inc.,,
1651,NetEase Games,,
1652,ZELENYUK,,
1653,Lukas Rustemeyer,,
1654,Red Storm,,
1655,Ubisoft Shanghai,,
1656,AtomTeam,,
1657,FantaBlade Network,,
1658,Valera Entertainment,,
1659,Deck Nine,,
1660,Vankrupt Games,,
1661,Eternal Night Studios,,
1662,RedCandleGames,,
1663,Maiden Gaming Inc.,,
1664,DeadToast Entertainment,,
1665,Holyday Studios,,
1666,Buried Signal,,
1667,Woolf,,
1668,Game Science,,
1669,Barrel Roll Games,,
1670,NanningsGames,,
1671,DyingCat,,
1672,Alternativa Game Ltd.,,
1673,Acuze Interactives,,
1675,Ubisoft Pune,,
1676,"Voidpoint, LLC",,
1677,Rotatipyra,,
1678,Reactive Drop Team,,
1679,AN Productions,,
1680,Poxpower,,
1681,Vladislav Castillo Gonzalez,,
1682,YC Games,,
1683,ProjectMoon,,
1684,A.Y.std,,
1685,Dicesuki,,
1686,"Lion Shield, LLC",,
1687,‰∏äÊµ∑ÁÉõÈæô‰ø°ÊÅØÁßëÊäÄÊúâÈôêÂÖ¨Âè∏,,
1688,Studio Klondike,,
1689,Team Nekojishi,,
1690,Perfuse Entertainment,,
1691,Sparkypants Studios LLC,,
1692,Arnaud De Bock,,
1693,R√©mi Forcadell,,
1694,Alan Zucconi,,
1695,Calum Bowen,,
1696,Sunfire Software,,
1697,Casioqu,,
1698,Athena Works,,
1699,Eduard Mirica,,
1700,Warfare Studios,,
1701,Desertkun,,
1702,"Shanghai JingCai Computer Software Development Co., Ltd",,
1703,Diatomic Games,,
1704,Total Mayhem Games,,
1705,Alan Edwardes,,
1706,Christian Whitehead,,
1707,Headcannon,,
1708,PagodaWest Games,,
1709,CtrlMovie,,
1710,Flashbulb,,
1711,Svarog Studios,,
1712,PixelMouse,,
1713,Spiritwalk Games,,
1714,Camagames,,
1715,MadOut Games,,
1716,Night Animals,,
1717,OnSkull Games,,
1718,Dead Turtle,,
1720,Anvil Game Studios,,
1722,Con Man Games,,
1723,Light Bringer Games inc.,,
1725,Synapse Games,,
1726,Chinzilla,,
1727,"Konami Digital Entertainment Co., Ltd.",,
1728,"Konami Digital Entertainment Co., Ltd",,
1729,The Gentlebros,,
1730,Imperium42¬Æ Game Studio,,
1731,"Dylan Hunt, ""Xblade""",,
1732,"Elsa Hunt, ""FieryElsa""",,
1733,"Adityaraj Rukhane, ""Adiart""",,
1734,BisquitPlay,,
1735,Doborog Games,,
1736,Asymmetric,,
1737,Baroque Decay,,
1738,LVGameDev LLC,,
1739,O.T.K Games,,
1740,Asmodee Digital,,
1741,Frima Studio,,
2,Hidden Path Entertainment,,
8,RavenSoft / id Software,,
9,Xatrix Entertainment,,
11,Outerlight Ltd.,,
13,Black Element,,
14,Troika Games,,
16,Gray Matter Studios,,
17,Frontier,,
728,Free Lives,,
848,Artplant,,
1223,Spry Fox LLC,,
1773,nanos GbR,,
1774,Beat Games,,
1775,Claudiu Kiss,,
1776,Joey Drew Studios,,
1777,Spotted Kiwi Interactive,,
1778,ObsessionSoft,,
1779,Leppsoft,,
1780,WarpFrog,,
1781,Triternion,,
1782,"Lion Games Co., Ltd.",,
1783,IDEA FACTORY,,
1784,COMPILE HEART,,
1785,TAMSOFT,,
1786,ZA/UM,,
1787,Soleil Ltd.,,
1788,"CarX Technologies, LLC",,
1789,Blue Studio,,
1790,ZemunBRE,,
1791,Kukouri Mobile Entertainment,,
1792,SteelRaven7,,
1793,Hardlight,,
1794,LR Studio,,
1795,Blazing Griffin,,
1796,thatgamecompany,,
1797,Soldat Team,,
1798,Neko Climax Studios,,
1799,Toasty Leaf AB,,
1800,Owlcat Games,,
1801,Big Cheese Studio,,
1802,FitXR,,
1804,KAGAMI WORKs,,
1805,Dieselmine,,
1806,Numantian Games,,
1807,Overgroup,,
1808,Mega Crit Games,,
1810,Corroding Games,,
1811,Dio Alias Games,,
1812,like Charlie,,
1813,Redbeet Interactive,,
1814,Victory Lap Games,,
1815,kikiyama,,
1816,Brian Lancaster,,
1817,Laughing Coyote Software,,
1818,CakeEaterGames,,
1819,Game Grumps,,
1820,Kiddy,,
1821,HFM Games,,
1822,Drift Physics Crew,,
1823,Fictiorama Studios,,
1824,BadLand Games Publishing S.L.,,
1825,"RED DUCK, INC.",,
1826,BKOM Studios,,
1827,LAN - GAMES LTD,,
1828,ONEONE1,,
1829,Lighthouse Games Studio,,
1830,Unreal Software,,
1831,Juppiomenz,,
1832,Oleg Skutte,,
1833,No Moon,,
1834,HL-Galgame,,
1835,Ediogames,,
1836,Poolians.com,,
1837,Dapper Penguin Studios,,
1838,Nearga,,
1839,Team Forbidden,,
1840,Pixonic,,
1841,Bytro Labs GmbH,,
1842,Indefatigable,,
1843,Noobz from Poland,,
1844,Landfall West,,
1845,1047 Games,,
1846,SoulGame Studio,,
1847,Gameclaw Studio,,
1848,Nomad Assembly,,
1849,RageSquid,,
1850,NEOWIZ BLESS STUDIO,,
1851,Robert Borghese,,
1852,Byterunners Game Studio,,
1853,Nomada Studio,,
1854,PixelShard,,
1855,Black Matter Pty Ltd,,
1856,Plausible Concept,,
1857,Shangshixuan,,
1858,Ben Otter,,
1859,Nimble Neuron,,
1860,Chongming Studio,,
1861,Polymorph Games,,
1862,Monkeys Lab.,,
1863,ArtPlay,,
1864,RLR Training Inc,,
1866,Cylinder Studios,,
1867,Team Salvato,,
1868,6 Eyes Studio,,
1869,Northwood Studios,,
1870,StumpyüêôSquid,,
1871,Fury Studios,,
1872,Ben Esposito,,
1873,Mighty Games,,
1874,Just Fishing LLC,,
1875,Systemic Reaction‚Ñ¢,,
1876,Maurice Fernitz,,
1877,Enrico Prizibilla,,
1878,Felix Gillmann,,
1879,Noble Muffins,,
1880,NEXT Studios,,
1881,Camex Games,,
1882,Skullcap Studios,,
1883,AlphaSoft LLC,,
1884,Oddshot Games,,
1885,Bad Viking,,
1886,Legend Studio,,
1887,Statespace,,
1888,Bishop Armstrong,,
1889,Weather Factory,,
1890,"Sastrei Studios, LLC",,
1891,Artur Rezende,,
1892,Âåó‰∫¨‰πùÈ≥≥‰ø°ÊÅØÁßëÊäÄÊúâÈôêÂÖ¨Âè∏,,
1893,TOM CREATE,,
1894,Ê†™Âºè‰ºöÁ§æ„Éà„É†„ÇØ„É™„Ç®„Ç§„Éà,,
1895,Define Human Studios,,
1896,Blind Squirrel Games,,
1898,Iron Galaxy,,
1899,SpaceCan,,
1900,GrizzlyGames,,
1901,Steel Wool Studios,,
1902,"Rocketeer Games Studio, LLC",,
1903,Thunder Devs.,,
1904,Fiveamp,,
1905,East Side Games,,
1906,Â¢®È±ºÁé©Ê∏∏Êàè,,
1907,Periscope Games,,
1908,Hempuli Oy,,
1909,RedRuins Softworks,,
1910,Kinetic Games,,
1911,Shanghai huan zhen Info Tech Ltd,,
1912,Beautiful Glitch,,
1913,Creaky Corpse Ltd,,
1914,Crema,,
1915,ION LANDS,,
1916,Broken Games,,
1917,Feral interactive (Linux),,
1918,HopFrog,,
1920,TEAM HORAY,,
1921,Mobius Digital,,
1922,Giant Enemy Crab,,
1923,Team Fusion Simulations,,
1924,Aurora Studio,,
1925,Parallel Space Inc,,
1926,ShadowWolf Games,,
1927,Victor M√∂ller,,
1928,Meta Interaction,,
1929,The Bearded Ladies,,
1930,Gamers for Good,,
1931,Chibig,,
1932,Sandbox Interactive GmbH,,
1933,Aleksandr Golovkin,,
1934,"Gunpowder Games, Inc.",,
1935,Sabotage,,
1936,Russian Fishing,,
1937,Giant Games,,
1938,DEXINT GAMES,,
1939,KK Game Studio,,
1940,PeroPeroGames,,
1941,The Game Kitchen,,
1942,Team Amorous,,
1943,Directive Games Limited,,
1944,"WipleGames Inc.,",,
1945,3Division,,
1946,Dorado Games,,
1947,Veewo Games,,
1948,Netease Games,,
1949,Avocavo,,
1950,Other Tales Interactive,,
1951,David Schneider,,
1952,Kozhakov,,
1953,Illusion Ray Studio,,
1954,Nine Dots Studio,,
1955,Chance Agency,,
1956,GRASSHOPPER MANUFACTURE INC.,,
1957,"SUPERTRICK  GAMES,Inc.",,
1958,Blue Wizard Digital,,
1959,Reloaded Studios,,
1960,Movavi Software,,
1961,IguanaBee,,
1962,Z4,,
1963,4Fishing,,
1964,KingsIsle Entertainment,,
1965,Saibot Studios,,
1967,Marco Amadei,,
1968,Runewaker Entertainment,,
1970,Ubisoft Singapore,,
1971,Angela He,,
1973,Wicked Witch,,
1974,Heroic Leap Games,,
1975,"Miniwan Technology Co.,Limited",,
1976,DragonSnow,,
1977,Creepy Jar,,
1978,"Red Duck, Inc.",,
1979,"WildWorks, Inc.",,
1980,Stress Level Zero,,
1981,The Meta,,
1982,AtomicTorch Studio,,
1983,Devika,,
1984,Grapeshot Games,,
1985,InfoMediji LTD,,
1986,House House,,
1987,ConchShip Games,,
1988,Freie Programme Hohenstein,,
1989,Snapshot Games Inc.,,
1990,Radiance Games,,
1991,Pixile,,
1993,Team Ladybug,,
1994,WHY SO SERIOUS?,,
1995,Vaka Game Magazine,,
1996,George Mandell,,
1997,Blue Manchu,,
1998,Hologryph,,
1999,Eerie Guest Studios,,
2000,crea-ture Studios Inc.,,
2001,Catnip,,
2002,Acke Hallgren,,
2003,Klabater,,
2004,Cloudhead Games ltd.,,
2005,Oxymoron Games,,
2006,Atomic Wolf,,
2007,L.INC,,
2008,XREAL Games,,
2009,GirlGame,,
2010,Dream Execution,,
2011,Rebuilt Games,,
2012,Nolla Games,,
2013,Orange Cat Studio,,
2014,Darkflow Software,,
2015,Lucky VR Inc.,,
2016,The Strangers,,
2017,Iron Gate AB,,
2018,AbstractArt,,
2019,ATLUS,,
2020,Studio Seufz,,
2021,Dohi Sweden AB,,
2022,ToastieLabs,,
2023,Pixelatto,,
2024,Bethesda Game Studios¬Æ,,
2025,Donkey Crew,,
2026,No Code,,
2027,liuguowang,,
2028,SBSoftLab,,
2029,Rusty Lake,,
2030,Dimension 32 Entertainment,,
2031,Vulcron,,
2032,IObit,,
2033,JiangHu Studio,,
2034,ACQUIRE Corp.,,
2035,Nanjing AQUATRAX,,
2036,Fun Games For Free,,
2037,Trilum Studios,,
2038,David Moralejo S√°nchez,,
2039,Think Arcade,,
2040,OneShark,,
2042,Innersloth,,
2043,G.Reed,,
2044,THQ Nordic Barcelona,,
2045,Great Potion Games,,
2046,NeoBards Entertainment Ltd.,,
2047,Phobia Game Studio,,
2049,FYQD-Studio,,
2050,GSQ Games,,
2051,Osarion,,
2052,Mountaineer,,
2053,NEOWIZ,,
2055,Easy Day Studios Pty Ltd,,
2056,Shawn Hitchcock,,
2057,Shiver,,
2058,Ruffian Games,,
2060,Ê∑±Âú≥Â∏ÇÁà±Áé©Ê∏∏ÊàèÁßëÊäÄÊúâÈôêÂÖ¨Âè∏,,
2061,Computer Lunch,,
2062,7th Beat Games,,
2063,Guard Crush,,
2064,Lizardcube,,
2066,Ëâ∫ÈæôÊ∏∏Êàè,,
2067,EggNut,,
2068,WANIN Games,,
2069,Team Weaver,,
2071,Total ArKade Software,,
2072,Wet Girl,,
2073,Indoor Astronaut,,
2074,Tantalus,,
2075,Sirhaian,,
2076,Glyph Worlds,,
2077,Palindrome Interactive,,
2078,Vercidium,,
2079,Rocket Skeleton,,
2080,Super Evil Megacorp,,
2081,L. Stotch,,
2082,D3T,,
2083,Two Star Games,,
2084,IGG SINGAPORE PTE. LTD.,,
2085,"Joyloft Co., Limited",,
2087,Pillow Castle,,
2088,Relentless Studios,,
2089,The Battle Grounds Game Development Team,,
2090,Sample Text Studio,,
2091,Bros Before Giraffes,,
2092,Nexile,,
2093,OKYO GAMES,,
2094,Galaxy Shark Studios,,
2095,Kobsoft Kitti,,
2096,CreateVR,,
2097,LORE NINE,,
2098,Micah Boursier,,
2099,‰∏âËÑöÁå´,,
2100,"Giant Form Entertainment, LLC",,
2101,Jack Tech,,
2102,Detach Entertainment,,
2103,Koei Tecmo,,
2104,PuffballsUnited,,
2105,IDEA FRUITION,,
2106,Ê±âÂÆ∂ÊùæÈº†Han-Squirrel Studio,,
2107,Meerkat Games Corporation,,
2108,Tactical Adventures,,
2109,Â∞èÂõ¢Âõ¢Â∑•‰ΩúÂÆ§,,
2111,Luminous,,
2112,Gigantic Duck Games,,
2113,Foulball Hangover,,
2114,We're Five Games,,
2115,JOGARA LTD,,
2116,The Elephant Crew,,
2117,Brave At Night,,
2118,UNDEFEATED Games,,
2119,mestiez,,
2120,Wildfire GameÔºàÊó†Èî°ÈáéÁÅ´Êï∞Â≠óÁßëÊäÄÊúâÈôêÂÖ¨Âè∏Ôºâ,,
2122,DSGame,,
2123,AnukenDev,,
2124,Picroma,,
2125,SMG Studio,,
2126,Render Cube,,
2127,Zilong Game Limited,,
2128,Cheesecake Dev,,
2129,One More Level,,
2130,Slipgate Ironworks‚Ñ¢,,
2131,"CyberStep, Inc.",,
2132,Jadon Barnes,,
1620,DolphinBarn,,
2133,NotGames,,
2134,SouthPAW Games,,
2135,4G,,
2136,James Interactive,,
2137,Ridiculon,,
2138,"OMOCAT, LLC",,
2139,Goblinz Studio,,
2140,Guerrilla,,
2141,PlayMagic,,
2142,"HONG KONG SPARK SOFTWARE TECHNOLOGY CO., LIMITED",,
2143,Comfy Company,,
2144,Kaizen Game Works,,
2145,"Softstar Technology (Beijing) Co.,Ltd",,
2146,Rootpew,,
2147,Wicpar,,
2148,Tuxedo Labs,,
2149,ghosthunter,,
2151,Rare Ltd,,
2152,Svavelstickan,,
2153,Ghostpie Studio,,
2154,Mobile Technologies LLC,,
2155,Topgolf Media,,
2156,Poorly Drawn Squid,,
2157,Al Fine,,
2158,KOJIMA PRODUCTIONS,,
2159,INFERNA LIMITED,,
2160,Elastic Games,,
2161,KLab Inc.,,
2162,Strategy Labs,,
2163,Singlecore,,
2164,Stormcloud Games Limited,,
2165,Lemon Sky Studios,,
2166,Pugscape,,
2167,Duoyi (Hong Kong) Interactive Entertainment Limited,,
2168,Dead Thread Games,,
2169,"Neosonyx Co., Ltd.",,
2171,Ghost Games,,
2172,Hazelight,,
2173,MOTIVE,,
2174,Coldwood Interactive,,
2175,Pearl Abyss,,
2176,"Arsi ""Hakita"" Patala",,
2177,Frinky,,
2178,Final Strike Games,,
2179,Ryu Ga Gotoku Studio,,
2180,Stellar Entertainment,,
2181,Criterion,,
2182,Redaster Studio,,
2183,NewProjekt,,
2184,Alice & Smith,,
2185,Afterburner Studios,,
2186,"Kabam Games, Inc.",,
2187,PopCap,,
2188,ÁîòËÇÉÂòâÂÖÉÊï∞Â≠óÁßëÊäÄÊúâÈôêÂÖ¨Âè∏,,
2189,Green Tile Digital,,
2190,Robot Squid,,
2191,Spilt Milk Studios,,
2192,Klems,,
2193,Joe Fender,,
2194,Luke Fanning,,
2195,YCJY Games,,
2196,ÊãæËã±Â∑•‰ΩúÂÆ§,,
2197,vanripper,,
2198,Oskar St√•lberg,,
2199,Joycity,,
2200,Aniki,,
2201,Male Union ‚ôÇ,,
2203,Bitbeast Games,,
2204,"POCKET PAIR, Inc.",,
2205,MAGIX Software GmbH,,
2206,Quickfire Labs,,
2207,LiLith,,
2208,Rejected Games,,
2210,Madmind Studio,,
2211,de Fault,,
2212,Chard,,
2213,M7 Productions,,
2214,Attrito,,
2215,Ravenhood Games,,
2216,FishTankStudio,,
2217,WanadevStudio,,
2218,Eerie Guest,,
2219,Youthcat Studio,,
2220,Kevin Wacknov,,
2221,Shub-Niggurath Games,,
22,Katauri Interactive,,
23,Mindware Studios,,
24,"PopCap Games, Inc.",,
26,Elixir Studios,,
35,Monolith,,
36,The Creative Assembly,,
41,Stunlock Studios,,
43,Pyro Studios,,
44,Io-Interactive A/S,,
45,Eidos Interactive,,
47,IO Interactive A/S,,
939,Axyos Games,,
1022,Bob,,
1103,Talentplace,,
1104,Maschinen-Mensch,,
1266,Abrakam SA,,
1583,Amistech Games,,
1490,takk,,
50,"MicroProse Software, Inc",,
51,2K Boston,,
52,2K Australia,,
2121,Psyop,,
1742,The Battle for Wesnoth Project,,
1743,INDIECN,,
1744,Kremlingames,,
1745,Tilting Point,,
1746,EasyWays Team,,
1747,FakeFish,,
1748,Undertow Games,,
1749,azimut team,,
1750,≈Åukasz Jakowski,,
1751,Megastorm Games,,
1752,Extreme Developers,,
1753,Albert Esp√≠n,,
1754,Nils Jakrins,,
1756,Digital Sun,,
1757,MrCiastku,,
1758,Hovgaard Games,,
1759,McKay,,
1760,AQURIA,,
1761,The Archotek Project Team,,
1762,Okomotive,,
1763,Divine Games,,
1764,LLC RIKOR IMT,,
1765,"Eek! Games, LLC",,
1766,Spacelight Studio,,
1767,Baba Yaga Games,,
1768,Luo Zhi En,,
1769,Empyrean,,
1770,Brilliant Game Studios,,
1771,SC Jogos,,
1772,"Outpost Games, Inc.",,
2222,ShopaLover,,
2223,Hayden,,
2224,Rothman,,
2225,jacktostudios,,
2226,Thomas JC Ironmonger,,
2227,Ocean Software,,
2228,Gabriel Nunes,,
2229,Austin Oblouk,,
2230,Atahan √ñzt√ºrk,,
2231,"Proletariat, Inc.",,
2232,New Games Waves,,
2233,Softwaves,,
2234,Yendis Entertainment Pty,,
2235,MAD Studio,,
2236,Redwoods Digital Games,,
2237,Novice Entertainment Limited,,
2238,"Epyx, Inc.",,
2239,Falco Software,,
2240,Laush Dmitriy Sergeevich,,
2241,Humble North,,
2242,È¨ºË∞∑Â∑•‰ΩúÂÆ§,,
2243,Erasmo C√¢ndido Mutemba,,
2244,Dilto Jo√£o Banze,,
2245,Osvaldo Dos Santos C√¢ndido Mutemba,,
2246,LIMITED,,
2247,Sweet Games,,
2248,Forbidden Knowledge,,
2249,Another Axiom,,
2250,OpenTTD,,
2251,Ancient Forge Studio,,
71,Radical Entertainment,1991,14
72,Nadeo,2000,23
73,Triumph Studios,1997,10
76,Remedy Entertainment,1995,15
82,Liquid Entertainment,1999,29
87,Ubisoft,1986,23
91,Nival,1996,5
96,Oddworld Inhabitants,1994,29
101,Crytek,1999,13
104,EA Black Box,1998,14
105,BioWare,1995,14
114,Red Storm Entertainment,1996,29
116,THQ Nordic,2011,11
119,Traveller's Tales,1990,9
122,Day 1 Studios,2001,29
124,Capcom,1979,27
125,Techland,1991,26
127,TaleWorlds Entertainment,2005,1
128,Frictional Games,2001,7
27,Double Fine Productions,2000,29
28,Firaxis Games,1996,29
29,Facepunch Studios,2009,9
30,GSC Game World,1995,16
31,Relic Entertainment,1997,14
129,ACE Team,2007,22
130,Bethesda Game Studios,2001,29
132,Splash Damage,2001,9
133,Obsidian Entertainment,2004,29
136,Square Enix,1975,27
137,Haemimont Games,1997,17
138,Dovetail Games,2008,9
144,Criterion Games,1993,9
145,Slightly Mad Studios,2008,9
146,Wolfire Games,2003,29
147,Paradox Development Studio,1995,7
155,Krome Studios,1999,12
156,Petroglyph,2003,29
158,Snowblind Studios,1997,29
163,PopTop Software,1993,29
164,BreakAway Games,1998,29
165,Frog City Software,1994,29
166,Bohemia Interactive,1999,6
171,Rocksteady Studios,2005,9
176,Black Isle Studios,1996,29
179,Two Tribes,2000,10
180,Virtual Heroes,2004,29
182,Trion Worlds,2006,29
183,Piranha Bytes,1997,13
194,Croteam,1993,20
103,DICE,1992,7
197,Runic Games,2008,29
198,inXile Entertainment,2002,29
199,Fatshark,2008,7
208,Capcom Vancouver,2005,14
210,Visceral Games,1998,29
211,Electronic Arts,1982,29
212,Stainless Games,1993,9
218,2K Czech,1997,6
220,Vigil Games,2005,29
222,Rainbow Studios,1996,29
227,Eugen Systems,2000,23
234,Digitalmindsoft,2006,13
248,11 bit studios,2010,26
251,Coffee Stain Studios,2010,7
268,TimeGate Studios,1998,29
271,Flying Wild Hog,2009,26
275,Big Huge Games,2000,29
276,38 Studios,2006,29
277,Robot Entertainment,2009,29
281,Ensemble Studios,1995,29
290,Team Bondi,2003,12
294,Zombie Studios,1994,29
309,United Front Games,2006,14
313,The Chinese Room,2007,9
315,Lionhead Studios,1997,9
331,Frogwares,2000,16
337,Deep Silver Volition,1996,29
319,Rockstar Studios,1998,29
348,Nihon Falcom,1981,27
359,Slant Six Games,2005,14
362,Sledgehammer Games,2009,29
372,FromSoftware,1986,27
375,Looking Glass Studios,1990,29
380,Sumo Digital,2003,9
384,Larian Studios,1996,21
386,SuperVillain Studios,2004,29
388,Creative Assembly,1987,9
390,Elemental Games,1999,5
395,The Farm 51,2005,26
407,Spiders,2008,23
424,Squad,2009,25
427,Ninja Theory,2000,9
441,Nimble Giant Entertainment,2002,18
443,New World Interactive,2010,29
446,Dambuster Studios,2014,9
453,Compulsion Games,2009,14
458,Core Design,1988,9
462,Ascaron,1989,13
465,Codemasters,1985,9
472,SCS Software,1997,6
482,Iron Galaxy Studios,2008,29
489,Focus Home Interactive,1996,23
505,Climax Studios,1988,9
506,Demiurge Studios,2002,29
508,Harebrained Schemes,2011,29
512,PlatinumGames,2006,27
517,Gaijin Entertainment,2002,5
521,NetherRealm Studios,2010,29
522,High Voltage Software,1993,29
525,Red Thread Games,2012,8
529,3D Realms,1987,29
531,FarSight Studios,1989,29
536,Grinding Gear Games,2006,2
545,Undead Labs,2009,29
548,Monolith Productions,1994,29
562,Kunos Simulazioni,2005,3
564,Keen Software House,2010,6
581,Rising Star Games,2004,9
602,Eko Software,1999,23
652,Big Finish Games,2007,29
696,Tango Gameworks,2010,27
727,Turtle Rock Studios,2002,29
745,343 Industries,2009,29
776,Black Wing Foundation,2006,16
825,Daybreak Game Company,1997,29
849,Black Forest Games,2012,13
866,Housemarque,1995,15
890,Mediatonic,2005,9
897,Purple Lamp Studios,2018,11
911,Aspyr,1996,29
950,Limbic Entertainment,2002,13
971,Team17,1990,9
1054,Studio Wildcard,2014,29
1067,MachineGames,2009,7
1070,Idea Factory,1994,27
1071,Compile Heart,2006,27
1072,Felistella,2010,27
1091,Vostok Games,2012,16
1106,Frontier Developments,1994,9
1109,Hangar 13,2014,29
1140,Massive Entertainment,1997,7
1160,Visual Concepts,1988,29
1187,Carbine Studios,2005,29
1193,Deck13,2001,13
1194,Warhorse Studios,2011,6
1211,Pipeworks Studios,1999,29
1231,Gunfire Games,2014,29
1248,Beenox,2000,14
1283,Kylotonn,2002,23
1331,Mimimi Games,2011,13
1335,Little Green Men Games,2006,20
1349,Tarsier Studios,2004,7
1403,Zen Studios,2003,4
1443,Behaviour Interactive,1992,14
1497,Iron Lore Entertainment,2000,29
1506,Sports Interactive,1994,9
1526,Tequila Works,2009,19
1545,People Can Fly,2002,26
1556,Ice-Pick Lodge,2002,5
1621,Two Point Studios,2016,9
1635,Saber Interactive,2001,29
1674,Pixel Federation,2007,24
1719,Motion Twin,2001,23
1721,Level-5,1998,27
1724,Gameloft,1999,23
0,Valve,1996,29
1,Gearbox Software,1999,29
3,Tripwire Interactive,2005,29
4,Introversion Software,2002,9
5,Arkane Studios,1999,23
6,Reality Pump Studios,1995,26
7,id Software,1991,29
10,Raven Software,1990,29
12,Frozenbyte,2001,15
15,Infinity Ward,2002,29
19,Egosoft,1988,13
20,Bugbear Entertainment,2000,15
1803,Linden Lab,1999,29
1809,Ivory Tower,2007,23
1865,Tamsoft,1992,27
1897,Vicarious Visions,1990,29
1919,Asobo Studio,2002,23
1966,Survios,2013,29
1969,Boss Key Productions,2014,29
1972,Tantalus Media,1994,12
1992,Insomniac Games,1994,29
2041,Supermassive Games,2008,9
2048,Teyon,2006,26
2054,Quantic Dream,1997,23
2059,Bungie,1991,29
2070,Toys for Bob,1989,29
2086,Tate Multimedia,2002,26
2110,The Coalition,2010,14
2150,Respawn Entertainment,2010,29
2170,Maxis,1987,29
2202,Playground Games,2009,9
2209,Jagex,2001,9
37,LucasArts,1982,29
38,Pandemic Studios,1998,29
39,Klei Entertainment,2005,14
40,Funcom,1993,8
48,Ion Storm,1996,29
49,Crystal Dynamics,1992,29
53,Best Way,1991,16
54,IO Interactive,1998,28
1755,Human Head Studios,1997,29
89,Ubisoft Montreal,1997,23
33,Feral Interactive (Mac),1996,9
34,Feral Interactive (Linux),1996,9
42,"CAPCOM Co., Ltd.",1979,27
280,Daedalic Entertainment,2007,13
32,CREATIVE ASSEMBLY,1987,9
46,Avalanche Studios,2003,7
64,Aspyr (Linux),1996,29
135,Team17 Software Ltd.,1990,9
154,Telltale,2004,29
18,Aspyr (Mac),1996,29
86,"Epic Games, Inc.",1991,29
118,CD PROJEKT RED,2002,26
25,Rebellion,1992,9
134,Team17 Digital Ltd,1990,9
192,FireFly Studios,1999,9
787,4A Games,2005,16
21,1C Entertainment,1991,5
