4,Topware Interactive,,
5,ACE,,
10,Blazing Griffin,,
11,Blazing Griffin Ltd.,,
15,Atari,,
16,Aspyr (Mac),,
18,Strategy First,,
21,Deep Silver,,
22,"PopCap Games, Inc.",,
24,Rebellion,,
31,GSC World Publishing,,
37,Stunlock Studios,,
39,Kalypso Media Digital,,
40,Io-Interactive A/S,,
42,IO Interactive A/S,,
43,"Topware Interactive, ACE",,
45,CCP,,
46,SimBin,,
47,Aspyr (Linux),,
49,Perfect World Entertainment,,
53,U.S. Army,,
55,"Dejobaan Games, LLC",,
58,Missing Link Games,,
59,SouthPeak Games,,
60,BlackFoot Studios,,
61,Hi-Rez Studios,,
62,Zombie Panic! Team,,
63,Octoshark Studios,,
64,Iceberg Interactive,,
65,Hidden Path Entertainment,,
66,Broken Rules,,
67,PikPok,,
70,Techland Publishing,,
71,2D BOY ,,
76,Dovetail Games - Trains,,
79,"Bit Blot, LLC",,
81,Number None,,
82,Kloonigames,,
83,Hemisphere Games,,
84,Elecorn,,
85,Telltale,,
86,Sigma Team Inc.,,
87,CI Games,,
88,Size Five Games,,
89,Subsoap,,
90,Two Tribes Publishing,,
91,NASA,,
93,DiezelPower,,
94,"Arcen Games, LLC",,
95,Amanita Design,,
96,FireFly Studios,,
98,KranX Productions,,
99,Nimbly Games,,
103,Instinct Software Ltd.,,
104,Mind Control Software,,
105,Monkey Jump Games,,
106,Microids,,
107,Playdead,,
108,Vanguard Entertainment Group,,
109,Cold Beam Games,,
110,Blendo Games,,
111,Deep Silver ,,
112,Cyanide Studios,,
114,Stratecade LLC,,
115,Uber Entertainment,,
116,Ronimo Games,,
117,Gaijin Games,,
118,Trendy Entertainment,,
119,800 North and Digital Ranch,,
120,exosyphen studios,,
121,Eyebrow Interactive,,
122,Giant Army,,
124,Coffee Stain Publishing,,
125,Streum On Studio,,
126,Dark Energy Digital Ltd.,,
127,Geoff 'Zag' Keene,,
128,Zachtronics,,
129,Puppygames,,
130,Final Form Games,,
131,Messhof,,
132,Alientrap,,
133,Sparpweed,,
134,Colibri Games,,
135,Fish Factory Games,,
136,Kot in Action Creative Artel,,
137,IllFonic,,
138,Psyop Games,,
139,Murudai,,
140,Wizards of the Coast LLC,,
141,Mode 7,,
142,Good Shepherd Entertainment,,
143,"Gaslamp Games, Inc.",,
144,"Nicalis, Inc.",,
145,"Grey Havens, LLC",,
34,Disney,1923,29
75,Team17 Digital Ltd,1990,9
97,Devolver Digital,2009,29
1,Tripwire Interactive,2005,29
2,Introversion Software,2002,9
3,Arkane Studios,1999,23
6,Ubisoft,1986,23
7,id Software,1991,29
12,Frozenbyte,2001,15
13,Bohemia Interactive,1999,6
14,Activision,1979,29
148,Big Fat Alien,,
149,DANKIE,,
152,Re-Logic,,
153,Supergiant Games,,
154,MinMax Games Ltd.,,
155,Zeboyd Games,,
156,Days of Wonder,,
157,Asmodee Digital,,
158,IndiePub,,
159,The Indie Stone,,
161,Pocketwatch Games,,
162,Edmund McMillen,,
163,Little Orbit,,
164,D-Pad Studio,,
165,Deca Games,,
166,Unigine Corp.,,
167,Desert Owl Games LLC,,
169,Ripstone,,
170,Bethesda-Soft,,
172,Capybara Games,,
173,Eden Industries,,
174,The Quantum Astrophysicists Guild,,
175,The Behemoth,,
176,Rocket Bear Games,,
177,"Vblank Entertainment, Inc.",,
178,Stardock Entertainment,,
179,State of Play Games ,,
181,Black Pants Studio,,
182,Suspicious Developments,,
183,Freebird Games,,
184,"Standing Stone Games, LLC",,
185,Carbon Games,,
186,Cobra Mobile,,
187,BlinkWorks Media,,
189,Almost Human Games,,
190,Codebrush Games,,
191,XSEED Games,,
192,Tribute Games Inc.,,
193,increpare games,,
194,Skybound Games,,
195,Misfits Attic,,
196,Edge of Reality,,
197,"Aspyr (Mac, Linux)",,
198,Gaijin Entertainment Corporation,,
199,Muse Games,,
201,Curve Digital,,
202,Born Ready Games,,
203,"Data Realms, LLC",,
205,Cipher Prime Studios,,
206,Superflat Games,,
207,"Hardsuit Labs, Inc.",,
208,"Thekla, Inc.",,
209,Kyle Pulver,,
210,BANDAI NAMCO Entertainment,,
211,Smudged Cat Games Ltd,,
212,Sector3 Studios,,
213,RaceRoom Entertainment AG,,
214,Chucklefish,,
215,bitComposer Games,,
216,Gaijin Distribution KFT,,
217,Webzen,,
218,Subset Games,,
219,Gameforge 4D GmbH,,
220,Vlambeer,,
221,"Penny Arcade, Inc.",,
222,Warner Bros. Interactive Entertainment ,,
225,Doctor Entertainment AB,,
226,Microsoft Studios,,
227,DrinkBox Studios,,
229,Aleksey Abramenko,,
231,Gravity Interactive,,
232,Circle 5 Publishing,,
233,Reverb Publishing,,
234,NeocoreGames,,
235,Benjamin Rivers Inc.,,
236,Topware Interactive ACE,,
237,Naddic Games,,
238,Nacon,,
239,Cyanide Studio,,
240,Level Up Labs,,
241,Starbreeze Publishing AB,,
242,Shiver Games,,
243,Might and Delight,,
244,Versus Evil,,
245,Torn Banner Studios,,
246,Twisted Tree,,
247,Transhuman Design,,
248,Demruth,,
249,Crate Entertainment,,
250,Private Division ,,
251,Giants Software,,
252,Degica,,
253,Bithell Games,,
254,Exor Studios,,
255,Sos Sosowski,,
256,Tomorrow Corporation,,
258,Terry Cavanagh,,
259,Galactic Cafe,,
261,Abbey Games,,
263,SNK CORPORATION,,
264,CSR-Studios,,
265,Running With Scissors,,
266,LudoCraft Ltd.,,
267,Team Psykskallar,,
268,Goldhawk Interactive,,
269,Lever Games,,
270,Young Horses,,
271,Robotronic Games,,
272,Jagex Limited,,
274,Over The Top Games,,
275,Puny Human,,
276,Sven Co-op team,,
277,Digital Eel,,
278,OP Productions LLC,,
279,Radial Games Corp,,
280,Minority Media,,
281,Tiger Style,,
282,Artifice Studio,,
284,ATLUS USA,,
285,Sauropod Studio,,
286,RETO MOTO,,
287,Beamdog,,
288,Going Loud Studios,,
289,Brightrock Games,,
290,Metanet Software Inc.,,
292,droqen,,
293,Threaks,,
294,Facepalm Games,,
295,Cardboard Computer,,
146,38 Studios,2006,29
168,Two Tribes,2000,10
188,tinyBuild,2011,29
257,505 Games,2006,3
296,Snowbird Games,,
297,Fullbright,,
298,Stone Blade Entertainment,,
299,22cans Ltd.,,
300,Shiro Games,,
301,Refract,,
302,Bossa Studios,,
303,The Men Who Wear Many Hats,,
304,Lo-Fi Games,,
305,@unepic_fran,,
307,D3 Go!,,
309,The Secret Experiment,,
311,Ludochip,,
312,Dylan Fitterer,,
313,Zero Point Software,,
314,"FromSoftware, Inc",,
315,KOG Games,,
317,Pathea Games,,
318,Apogee Software,,
319,Nightdive Studios,,
320,Reverb Triple XP,,
322,Red Barrels,,
323,"Monochrome, Inc",,
325,3909,,
326,Crackshell,,
327,Mossmouth,,
328,Toxic Games,,
329,Greenheart Games,,
330,OVALIS INVESTMENTS LIMITED,,
331,Bennett Foddy,,
332,Top Meadow,,
333,Cellar Door Games,,
334,Warner Bros. Games,,
335,Full Control,,
336,"Masangsoft, Inc.",,
337,Endnight Games Ltd,,
338,M2H,,
339,Big Robot Ltd,,
340,Shining Rock Software LLC,,
341,My Little Planet Ltd,,
342,Blackpowder Games,,
343,Double Eleven,,
344,Gamepires,,
346,Gearbox Publishing,,
348,Schine GmbH,,
351,Autumn Games,,
352,Positech Games,,
353,Ironhide Game Studio,,
354,Ndemic Creations,,
355,WildTangent,,
356,RuneStorm,,
357,Nomad Games,,
358,Vertigo Gaming Inc.,,
359,Brace Yourself Games,,
360,Adult Swim Games,,
362,"Nether Productions, LLC",,
363,Black Maple Games,,
364,Team Reptile,,
365,KillHouse Games,,
366,Hitcents,,
367,Blue Bottle Games,,
368,Rain Games,,
369,BetaDwarf,,
370,Infinite Monkeys Entertainment Ltd.,,
371,Necrophone Games,,
372,Step 1 Games LLC,,
373,Archive Entertainment,,
374,Headup,,
375,Stygian Software,,
376,Krillbite Studio,,
377,Yacht Club Games,,
378,Behold Studios,,
379,"Marvelous USA, Inc.",,
380,9heads Game Studios,,
381,Matt Makes Games Inc.,,
382,The Fun Pimps Entertainment LLC,,
383,MangaGamer,,
384,Cornered Rat Software,,
385,Hanako Games,,
386,Endlessfluff Games,,
387,Asteroid Base,,
388,Spicyhorse Games,,
389,Blue Isle Publishing,,
390,Image & Form Games,,
392,Aerosoft GmbH,,
393,Rocketcat Games,,
394,Minor Key Games,,
395,BeautiFun Games,,
396,Leafy Games,,
397,Psyonix LLC,,
398,Flippfly LLC,,
399,Gears for Breakfast,,
401,DigitalDNA Games LLC,,
402,Expansive Worlds,,
403,Avalanche Studios,,
404,Cherry Pop Games,,
405,Wizards of the Coast,,
406,Northway Games,,
407,Mixamo,,
409,Lightmare Studios,,
410,Yodo1 Games,,
411,2Play,,
412,Heart Machine,,
413,Fruitbat Factory,,
414,The Astronauts,,
415,ARTE France,,
416,WB Games,,
417,Netcore Games,,
418,Digital Leisure Inc.,,
419,HandyGames,,
421,Serenity Forge,,
422,Red Hook Studios,,
423,eigoMANGA,,
424,Coilworks,,
425,Noble Empire Corp.,,
426,Revolution Software Ltd,,
427,IndieGala,,
428,"H2 Interactive Co., Ltd.",,
429,Versus Evil	,,
430,Mad Otter Games,,
431,PLAYISM,,
432,Secret Exit Ltd.,,
433,Senpai Studios,,
434,Vae Victis Games,,
435,Silver Dollar Games,,
436,Interdimensional Games Inc,,
437,Sekai Project,,
438,Unknown Worlds Entertainment,,
439,Ironward,,
440,Matt Roszak,,
441,Fistful of Frags Team,,
442,Net Games Distribution LTD,,
443,Matthew Brown,,
444,Thomas Bowker,,
445,Smilegate West,,
446,TheGameCreators,,
447,iRacing.com Motorsport Simulations,,
448,iRacing,,
449,Elijah Newman-Gomez,,
308,Slightly Mad Studios,2008,9
310,Nival,1996,5
450,Defiant Development,,
451,Cliffhanger Productions,,
452,Funbox Media Ltd,,
453,Aeria Games,,
454,Brilliant Skies Ltd.,,
455,SmashGames,,
456,EVGA,,
457,5 Lives Studios,,
458,Studio MDHR Entertainment Inc.,,
459,Panic Art Studios,,
460,Dreadlocks Ltd.,,
462,WhisperGames,,
463,Frogmind,,
464,Pixel Ferrets,,
465,Digital Happiness,,
466,Laminar Research,,
467,Osumia Games,,
468,The Quinnspiracy,,
469,Icetesy SPRL,,
470,82 Apps,,
471,Awesome Games Studio,,
472,PlayWay S.A.,,
473,BumpkinBrothers,,
474,Senscape,,
475,Surprise Attack,,
476,Nexon Korea Corporation,,
477,Vagabond Dog,,
478,Stellar Jockeys,,
479,Acid Wizard Studio,,
480,"Laser Guided Games, LLC",,
481,Atomic Kraken,,
482,JForce Games,,
483,Holotech Studios,,
484,Digital Confectioners,,
485,Coatsink,,
486,KPL,,
487,Hello Games,,
488,Rogue Factor,,
489,"KOEI TECMO GAMES CO., LTD.",,
490,–î–º–∏—Ç—Ä–∏–µ–≤ –ú–∞–∫—Å–∏–º –ö–æ–Ω—Å—Ç–∞–Ω—Ç–∏–Ω–æ–≤–∏—á,,
492,Lince Works,,
493,Dear Villagers,,
494,Knuckle Cracker,,
495,Volens Nolens Games,,
496,Krita Team,,
497,Throwback Entertainment,,
498,Playful Corp.,,
499,1999UEM,,
500,RCTO Productions,,
501,EasyAntiCheat Ltd,,
502,"Idea Factory International, Inc.",,
503,"IDEA FACTORY Co., Ltd.",,
504,Ska Studios,,
505,Crystal Shard,,
506,Dotemu,,
507,BeamNG,,
508,Finish Line Games,,
509,Holy Warp,,
510,The Digital Puzzle Company,,
511,Spearhead Games,,
512,Tortuga Team,,
513,Boneloaf,,
514,Payload Studios,,
515,"BadFly Interactive, a.s.",,
516,Digerati,,
517,Berserk Games,,
518,ALICE IN DISSONANCE,,
519,KISS ltd,,
521,Star Vault AB,,
522,Dinosaur Polo Club,,
523,Fireproof Games,,
524,"Gravity Interactive, Inc.",,
525,astragon Entertainment,,
526,Bitbox Ltd.,,
527,Double Damage Games,,
528,League of Geeks,,
529,ELYLAND  INVESTMENT COMPANY Ltd,,
530,Over The Moon,,
531,Six Foot,,
532,Grey Box,,
533,MY.GAMES,,
534,Utopian World of Sandwiches,,
535,Microblast Games,,
536,The Knights of Unity,,
537,Masthead Studios Ltd,,
538,Thegamewallstudios,,
539,Gamigo AG,,
540,Camshaft Software Ltd,,
541,Powerhoof,,
542,VaragtP,,
543,Ludeon Studios,,
544,Andy Makes,,
545,E-Line Media,,
546,Aquiris Game Studio,,
547,Stegersaurus Software Inc.,,
548,Armor Games Studios,,
549,Asteristic Game Studio,,
550,AwesomeBlade,,
551,Ubisoft Entertainment,,
552,DL Softworks,,
553,Wargaming Labs,,
554,Hunted Cow Studios,,
555,Scott Cawthon,,
556,Creability,,
557,Night Node,,
559,Toadman Interactive,,
561,Entrada Interactive LLC,,
562,Suba Games,,
563,Freejam,,
564,Uppercut Games Pty Ltd,,
565,Samurai Punk,,
566,Crytek ,,
567,Subvert Games,,
568,Polygon Moon,,
569,Ian MacLarty,,
571,Novalink,,
572,Everything Unlimited Ltd.,,
573,Failbetter Games,,
574,Smartly Dressed Games,,
576,Hinterland Studio Inc.,,
577,Kitfox Games,,
578,Ninja Kiwi,,
579,Antanas Marcelionis,,
580,Game-Labs,,
581,Cyan Inc.,,
582,SA Industry,,
583,Deli Interactive LLC,,
584,Tribe Studios,,
585,Last Bastion Studios LLC,,
586,Bedtime Digital Games,,
587,Milkstone Studios,,
588,Nik Nak Studios,,
589,CyberCoconut,,
590,"Spike Chunsoft Co., Ltd.",,
591,New Reality Games,,
592,Hyper Hippo Games,,
593,BlueLine Games,,
594,Slitherine Ltd.,,
596,Beam Team Pty Ltd,,
597,David OReilly,,
598,Teotl Studios,,
599,Winged Cloud,,
600,Dan  Walters,,
601,Sinclair Strange,,
602,Bernt Andreas Eide,,
603,Rake in Grass,,
461,Techland,1991,26
604,"Oddworld Inhabitants, Inc.",,
605,Noble Master LLC,,
606,Bluebutton Games,,
607,Double Action Factory,,
608,REMIMORY,,
609,Cosmic Cow LLC,,
610,Axyos Games,,
611,The Molasses Flood,,
612,Claymatic Games,,
613,MobileBits,,
614,Feral interactive (Mac),,
615,Chasing Carrots,,
616,Circle Five Publishing,,
617,Supra Games,,
618,Batterystaple Games,,
619,RobTop Games,,
620,SUPERHOT Team,,
621,Indimo Labs LLC,,
622,Choice Provisions,,
623,Thunder Lotus Games,,
624,Those Awesome Guys,,
625,JIW-Games,,
626,Reakktor Studios,,
627,Portalarium,,
628,AIGRIND,,
629,Tasharen Entertainment Inc.,,
630,kChamp Games,,
631,Black Eye Games,,
632,Google,,
633,rdt.32,,
634,OGPlanet,,
635,SixtyGig Games,,
637,Chris Hecker,,
638,Indie Voyage,,
639,Ganz,,
640,YFYX GAMES,,
641,United Independent Entertainment GmbH,,
642,Hoplon,,
643,Soviet Games,,
644,"Jackbox Games, Inc.",,
645,"JumpStart Games, Inc.",,
646,Thomas Happ Games LLC,,
647,"BitMonster, Inc.",,
648,Fayju,,
649,Black Lime Studio,,
650,Glowstick Entertainment,,
651,Animu Game,,
652,Freehold Games,,
653,Warchest Ltd.,,
654,Clapfoot,,
655,BlankMediaGames,,
656,Zero-K Team,,
657,Atelier 801,,
658,Infernum Games GmbH,,
659,Omniconnection,,
660,"Dingaling Productions, LLC",,
661,Shifty Chair Games,,
662,South East Games,,
663,GameXP.com,,
664,Eforb,,
665,Abyss Lights Studio LLP,,
666,Charyb Games,,
667,SDEnterNet,,
668,Cornfox & Brothers Ltd.,,
669,S2 Games,,
670,Cimugames,,
671,Sometimes You,,
672,KIXEYE,,
673,JOYCITY,,
674,HuniePot,,
675,Ginormocorp Holdings Ltd,,
676,JAVELIN O√ú,,
677,Bytebin,,
678,Desktop Daydreams Studios,,
679,Eggcode,,
680,Anteater Games,,
681,BindleBot,,
682,Eat Create Sleep,,
683,Steel Crate Games,,
684,Destructive Creations,,
685,Lightbulb Crew,,
686,Firesquid,,
687,Vertigo Games,,
688,Piranha Games Inc.,,
689,Blowfish Studios,,
690,David Stark,,
691,GameUS Inc.,,
692,MovingBlocks,,
693,Plug In Digital,,
694,Alawar Entertainment,,
695,MAGICS,,
696,IMGN.PRO,,
697,Code}{atch,,
698,EuroVideo Medien,,
699,Sierra,,
700,3000AD,,
701,InvertMouse,,
702,WayForward,,
703,Spiderling Studios,,
705,Spasman Games,,
706,Red Dwarf Games,,
707,Reperio Studios,,
708,Micro√Øds,,
709,Back To Basics Gaming,,
710,Trinity Project,,
711,Free Reign East LLC,,
712,Redbana Corporation,,
713,"Scrap Yard Productions, LLC",,
714,Hellscape Games,,
715,Sanctum Games,,
717,Idea Factory International,,
718,Microids Indie,,
719,3BLACKDOT,,
720,Meridian4,,
721,Crytivo,,
722,4 I Lab,,
723,none,,
724,Flazm,,
725,Forward Game Studios,,
726,"CRAZYDIAMOND CO., LTD.",,
727,Infinite Dreams,,
728,Hoobalugalar_X,,
730,Icy Donut,,
731,Soccer Manager Ltd,,
732,Drool,,
733,Lag Studios,,
735,Giorgi Abelashvili,,
736,KishMish Games,,
737,Maschinen-Mensch,,
738,marbenx,,
740,Reiza Studios,,
741,Frogsong Studios,,
742,Jetdogs Studios,,
743,Tigerish Games,,
744,AndrewDrumov,,
745,Virtual Basement LLC,,
746,Forever Entertainment S. A.,,
747,Gamious,,
748,System Era Softworks,,
749,Retro Yeti Games,,
750,OddOneGames,,
751,Bare Mettle Entertainment,,
752,SilentFuture,,
753,Coredumping,,
754,Killmonday Games AB,,
755,Crowbar Collective,,
756,Playsaurus,,
757,KITATUS STUDIOS,,
758,Self Published,,
759,Overhype Studios,,
760,Fellow Traveller,,
761,Blender Foundation,,
762,Studio 397,,
763,Pipliz,,
704,Studio Wildcard,2014,29
764,Michaela Laws,,
765,Dry Cactus,,
766,Team Cherry,,
767,Maciej Targoni,,
768,Koga Tech Limited,,
769,Raw Fury,,
771,DANGEN Entertainment,,
772,Mayflower Entertainment,,
773,Robot Gentleman,,
774,Sam Barlow,,
775,AGC,,
776,The Merchant Guild of Rund (Limited),,
777,Cleverweek,,
778,8Floor,,
779,Turning Wheel LLC,,
780,"IMCGAMES Co.,Ltd.",,
781,Basaltic studio,,
782,Marxnet,,
783,Mannequin Games LLC,,
784,Baggy Cat Ltd.,,
785,"FromSoftware, Inc.",,
786,Behaviour Interactive Inc.,,
787,Subworld,,
788,Creoteam,,
789,Toplitz Productions,,
790,Ice Water Games,,
791,Afterthought LLC,,
792,NCSOFT,,
793,D-Games,,
794,Phoenix Game,,
795,Lightning Man Media ,,
796,Diminished Studios,,
798,Scary Bee LLC,,
799,Fishing Planet LLC,,
800,Teeworlds Team,,
801,Panda Studio,,
802,ILMxLAB,,
803,Guy Godin,,
804,InSayn,,
805,Strange Loop Games,,
806,Akupara Games,,
807,Eleon Game Studios,,
808,Alister Software,,
809,S.C. 16 BIT NIGHTS S.R.L.,,
810,Panic,,
811,Campo Santo,,
812,Dan Fornace,,
813,Giiku Games,,
815,"StartupTim, LLC",,
816,Tim Sullivan,,
817,Bandai Namco,,
818,YFC games,,
819,ZackBellGames,,
821,Spry Fox LLC,,
822,Planetary Annihilation Inc,,
823,Clever Endeavour Games,,
824,the whale husband,,
825,Aslan Game Studio,,
826,Axolot Games,,
827,Night School Studio,,
828,NeuronHaze,,
829,NTTGame,,
830,yfyx games,,
831,Freakinware Studios,,
832,Sirlin Games,,
833,Changyou.com Limited,,
834,David Szymanski,,
835,tobyfox,,
836,Butterscotch Shenanigans,,
837,Duion,,
838,Offworld Industries,,
839,Bankroll Studios,,
840,Bifrost Entertainment,,
841,Gamera Game,,
842,"INTRAGAMES CO., LTD.",,
843,PlayFlock,,
844,"PlayStation Mobile, Inc.",,
845,PixelTail Games,,
846,Hopoo Games,,
847,Jesse Makkonen,,
848,GamesBoosters,,
849,ROCKFISH Games,,
850,Wired Productions,,
851,G2CREW,,
852,"Jundroo, LLC",,
853,Fishing Cactus,,
854,PID Publishing,,
855,Interactive Stone,,
856,ShareX Team,,
857,Erik Sved√§ng AB,,
858,SOEDESCO,,
859,CreSpirit,,
860,34BigThings srl,,
861,Digital Tribe,,
862,Tabletopia Inc.,,
863,Fenix Fire Entertainment,,
864,Codename Entertainment Inc.,,
865,Madruga Works,,
866,Michael Zahniser,,
867,Godot Engine,,
868,Daniel Mullins Games,,
869,Humble Games,,
870,"NIS America, Inc.",,
871,Dominique Grieshofer,,
872,New Game order,,
873,"AltspaceVR, Inc.",,
874,DeGenerals S.A.,,
875,Ludosity,,
876,New Blood Interactive,,
877,Overhead Games,,
878,Crows Crows Crows,,
879,Shumkov Dmitriy,,
880,HypeTrain Digital,,
881,D3 PUBLISHER,,
882,Hex Entertainment,,
883,EarthWork Games,,
884,Flying Robot Studios,,
885,GDT Limited,,
886,JDM4iK,,
887,ConcernedApe,,
889,NetDragon Websoft Inc.,,
890,Crematorium of Time,,
891,High Horse Entertainment,,
892,SeithCG,,
893,Kyle Seeley,,
894,Crazy Rocks Studios,,
895,ColdGames,,
896,HeroCraft PC,,
897,Rooster Teeth Games,,
898,Mastfire Studios Pty Ltd,,
899,GrabTheGames,,
900,Crunchy Games,,
901,TopWare Interactive ACE,,
902,Sorath,,
903,Kasedo Games,,
904,Moonlit Works,,
905,SnoutUp,,
906,WOLCEN Studio,,
907,Night Node Software,,
909,Wube Software LTD.,,
910,Evil Tortilla Games,,
911,Stegalosaurus Game Development,,
912,U-Play Online,,
913,üöÄ Raiser Games,,
914,10tons Ltd,,
915,Greens s.r.o.,,
916,"Artix Entertainment, LLC",,
917,Igara Studio,,
918,Stitch Heads Entertainment,,
919,Wallpaper Engine Team,,
920,MagdalenaTeam,,
921,Monomi Park,,
922,Papaya Play,,
923,Vertigo Games America,,
924,Adamvision Studios,,
925,Freeze Nova,,
926,Grunge Games LTD,,
927,Faton,,
928,Another Indie,,
929,Room710Games,,
930,Adriaan de Jongh,,
931,Guru Games,,
932,Azerion,,
933,Youda Games Holding B.V.,,
934,Mercury Steam Entertainment s.l.,,
935,BlackSpot Entertainment,,
936,Aldin Dynamics,,
937,Xaviant Games,,
938,vikingfabian.com,,
939,WeirdBeard,,
940,Playa Games GmbH,,
941,VRChat Inc.,,
942,NukGames,,
943,Gun Media,,
944,"ALLM Co., Ltd.",,
945,Stray Fawn Studio,,
946,DNVR Prod,,
948,Bad Pixel,,
949,META Publishing,,
950,LWNA,,
951,Wargaming Group Limited,,
952,Magic Pixel Kft.,,
953,Boxelware,,
954,Contingent99,,
955,Excalibur Games,,
956,Encircle Games,,
957,GIANTS Software,,
958,IKEA Communications AB,,
959,Ysbryd Games,,
960,AGM PLAYISM,,
961,Owlchemy Labs,,
962,treeform,,
963,RMAL,,
964,K Bros Games,,
965,Thing Trunk,,
966,RUST LTD.,,
967,Code Horizon,,
968,"Wevr, Inc.",,
969,The Yogscast,,
970,Texel Raptor,,
971,"Cygames, Inc.",,
972,Cygames Korea Inc.,,
973,Fifth Dimension Company,,
974,DiP Online,,
975,Cruderocks,,
976,"Bigscreen, Inc.",,
977,Sad Panda Studios,,
978,Blind Sky Studios,,
979,Akim Games,,
980,Panoramik Inc,,
981,Slug Disco Studios,,
982,NextNinja,,
983,YETU GAME,,
984,Shugasu GmbH,,
985,Baseline,,
986,–ù–æ—Å–∫–æ–≤ –°–µ—Ä–≥–µ–π,,
987,Four Winged Studio,,
988,TPP Studio,,
989,Con Artist Games,,
990,Good Vibration Games,,
991,Lightspeed Studios‚Ñ¢,,
992,Ultimate Games S.A.,,
993,AutoAttack Games,,
994,takk,,
995,Rec Room,,
996,Neognosis,,
997,White Rabbit Games,,
998,Alawar Premium,,
999,GAMES in FLAMES,,
1000,StrangeLight Games,,
1001,Fantasy Flight Games,,
1002,ESEA,,
1003,"Konami Digital Entertainment, Inc.",,
1004,Finji,,
1005,European Games Group AG,,
1006,ZOV GAME STUDIO,,
1007,Indie Game Group,,
1008,Unusualsoft,,
1009,Cats Who Play,,
1010,Tero Lunkka,,
1011,Droid Riot,,
1012,Amaterasu Software,,
1013,Lunarch Studios,,
1014,Maxime V√©zina,,
1015,Osmotic Studios,,
1017,"Forward Global Group, Ltd.",,
1018,10 Chambers,,
1019,MBDL,,
1020,Neople,,
1021,Activision Value Inc.,,
1022,ImageCode,,
1023,Rabbiton,,
1024,Displacement Studios,,
1025,"Strawberry Game Studios, LLC",,
1026,Annapurna Interactive,,
1027,VGstudio,,
1028,Freakinware Limited,,
1029,Paradise Project,,
1030,Games Operators,,
1031,Wenkly Studio Sp. z o.o.,,
1032,CRASS Infotech,,
1033,"Cloudcade, Inc.",,
1034,Garage Games,,
1035,Landfall,,
1036,CyberLight Game Studio,,
1037,HyperReuts,,
1038,Onyx Lute,,
1039,Pragmatix Ltd,,
1040,Home Net Games,,
1041,nobodyshot,,
1042,Ipsilon Developments,,
1043,KHB-Soft,,
1044,No Stuck Game Studio,,
1045,NewRealityGames,,
1046,Bloober Team ,,
1047,PigLion Games,,
1048,Amistech Games,,
1049,ProGames Studio,,
1050,Superboss Games,,
1051,TurnVex,,
1052,Last Level,,
1054,Blue Brain Games,,
1055,Atomic Fabrik,,
1056,Cristian Manolachi,,
1057,Digital Cybercherries,,
1058,Indovers Studio,,
1059,Flow Fire Games,,
1060,StevenHarmonGames,,
1061,Snail Games USA,,
1062,Phat Phrog Studios,,
1063,"S2 Games, LLC",,
1064,Lightning Man Media,,
1065,Dovetail Games - TSW,,
1066,Blameless Games,,
1067,Haydee Interactive,,
1068,Berzerk Studio,,
1069,Dire Wolf,,
1070,THE BROTHERHOOD,,
1071,Quiet River,,
1072,NEKO WORKs,,
1073,Fate Dragon Studio,,
1074,DolphinBarn,,
1075,MOVE ON USA CO.,,
1076,Portable Moose,,
1077,StalkerAlex.,,
1078,Secret Mode,,
1079,RocketWerkz,,
1080,United Soft Media,,
1081,1939 Games,,
1082,Scavengers Studio,,
1083,"Mad Dog Games, LLC",,
1084,Double Coconut,,
1085,Quantum Phoenix Studio,,
1086,Mana Potion Studios,,
1087,VALOFE,,
1088,NetEase Games,,
1089,ZELENYUK,,
1090,Lukas Rustemeyer,,
1091,AtomTeam,,
1092,X.D. Network Inc.,,
1093,Valera Entertainment,,
1094,Vankrupt Games,,
1095,Alberto Herrera,,
1096,Ziel Graywords,,
1097,Stw projects,,
1098,RedCandleGames,,
1099,Maiden Gaming Inc.,,
1100,Holyday Studios,,
1101,R-Age,,
1102,Game Science,,
1104,NanningsGames,,
1105,DyingCat,,
1106,APL Publishing Ltd.,,
1109,Reactive Drop Team,,
1110,Vladislav Castillo Gonzalez,,
1111,YC Games,,
1112,ProjectMoon,,
1113,A.Y.std,,
1114,Dicesuki,,
1115,"Lion Shield, LLC",,
1116,Âåó‰∫¨ÁΩëÂÖÉÂú£ÂîêÂ®±‰πêÁßëÊäÄÊúâÈôêÂÖ¨Âè∏,,
1117,Orange Juice Dog,,
1118,Perfuse Entertainment,,
1119,Sparkypants Studios LLC,,
1120,Sunfire Software,,
1121,Casioqu,,
1122,Athena Works,,
1123,SakuraGame,,
1124,"KRAFTON, Inc.",,
1125,Desertkun,,
1126,TT Games,,
1127,Private Division,,
1128,"Shanghai JingCai Computer Software Development Co., Ltd",,
1129,Diatomic Games,,
1130,Total Mayhem Games,,
1131,Alan Edwardes,,
1132,Wales Interactive,,
1133,Flashbulb,,
1134,PixelMouse,,
1135,Spiritwalk Games,,
1136,MadOut Games,,
1137,OnSkull Games,,
1138,Dead Turtle,,
1140,Anvil Game Studios,,
1141,Light Bringer Games inc.,,
1143,Kongregate,,
1144,Konami Digital Entertainment  ,,
1145,PQube Limited,,
1146,Imperium42¬Æ Game Studio,,
1147,BisquitPlay,,
1148,Doborog Games,,
1149,Asymmetric,,
1150,LVGameDev LLC,,
1151,Wesnoth Inc.,,
1152,INDIECN,,
1153,Kremlingames,,
1154,Tilting Point,,
1155,azimut team,,
1156,≈Åukasz Jakowski Games,,
1157,Megastorm Games,,
1158,Extreme Developers,,
1159,Albert Esp√≠n,,
1160,IceTorch Interactive,,
1161,Hovgaard Games,,
1162,McKay,,
1163,The Archotek Project Team ,,
1164,Mixtvision,,
1165,LLC RIKOR IMT,,
1166,"Eek! Games, LLC",,
1167,Spacelight Studio,,
1168,Baba Yaga Games,,
1169,Luo Zhi En,,
1170,Frozen District,,
1171,Brilliant Game Studios,,
1172,SC Jogos,,
1173,"Outpost Games, Inc.",,
1174,nanos GbR,,
1175,Beat Games,,
1176,The Irregular Corporation,,
1177,Joey Drew Studios,,
1178,Spotted Kiwi Interactive,,
1179,ObsessionSoft,,
1180,Leppsoft,,
1181,WarpFrog,,
1182,Triternion,,
1183,ZA/UM,,
1184,"CarX Technologies, LLC",,
1185,Kukouri Mobile Entertainment,,
1186,SteelRaven7,,
1187,LR Studio,,
1188,Neko Climax Studios,,
1189,Toasty Leaf AB,,
1190,FitXR,,
1192,Numantian Games,,
1193,Overgroup,,
1194,Mega Crit Games,,
1195,Warner Bros. Interactive,,
1196,Corroding Games,,
1197,Dio Alias Games,,
1198,like Charlie,,
1199,Victory Lap Games,,
1200,Brian Lancaster,,
1201,Laughing Coyote Software,,
1202,CakeEaterGames,,
1203,Game Grumps,,
1204,Kiddy,,
1205,HFM Games,,
1206,Drift Physics Crew,,
1207,"RED DUCK, INC.",,
1208,BKOM Studios,,
1209,LAN - GAMES LTD,,
1210,Lighthouse Games Studio,,
1211,Unreal Software,,
1212,No Moon,,
1213,Ediogames,,
1214,ThankGame.com,,
1215,Team Forbidden,,
1216,Pixonic,,
1217,Bytro Labs GmbH,,
1219,Surefire.Games,,
1220,1047 Games,,
1221,Gameclaw Studio,,
1222,Nomad Assembly,,
1223,No More Robots,,
1224,NEOWIZ,,
1225,Robert Borghese,,
1226,Movie Games S.A.,,
1227,Whisper Games,,
1228,Shangshixuan,,
1229,Otter-Co,,
1230,Nimble Neuron,,
1231,Boltrend Global PTE.LTD,,
1232,Chongming Studio,,
1233,Modus Games,,
1234,Polymorph Games,,
1235,Monkeys Lab.,,
1236,Cylinder Studios,,
1237,Team Salvato,,
1238,Northwood Studios,,
1239,Mighty Games,,
1240,Frontier Developments ,,
1241,Just Fishing LLC,,
1242,Systemic Reaction‚Ñ¢,,
1243,Big Games Productions,,
1244,Console Labs S.A.,,
1245,NEXT Studios,,
1246,Camex Games,,
1247,Skullcap Studios,,
1248,AlphaSoft LLC,,
1249,Oddshot Games,,
1250,Bad Viking,,
1251,Legend Studio,,
1252,Statespace,,
1253,Bishop Armstrong,,
1254,Weather Factory,,
1255,"Sastrei Studios, LLC",,
1256,Artur Rezende,,
1257,Ê†™Âºè‰ºöÁ§æ„Éê„É≥„ÉÄ„Ç§„Éä„É†„Ç≥„Ç®„É≥„Çø„Éº„ÉÜ„Ç§„É≥„É°„É≥„Éà,,
1258,Define Human Studios,,
1259,GrizzlyGames,,
1260,ScottGames,,
1261,"Rocketeer Games Studio, LLC",,
1262,Thunder Devs.,,
1263,Fiveamp,,
1264,East Side Games,,
1265,Â¢®È±ºÁé©Ê∏∏Êàè,,
1266,Hempuli Oy,,
1267,RedRuins Softworks,,
1268,Kinetic Games,,
1270,Creaky Corpse Ltd,,
1271,ION LANDS,,
1272,Maple Whispering Limited,,
1273,Crunchy Leaf Games,,
1274,Feral interactive (Linux),,
1275,TEAM HORAY,,
1276,TCH Scarlet Limited,,
1277,Parallel Space Inc,,
1278,ShadowWolf Games,,
1279,Pixel Pointer Studios,,
1280,Meta Interaction,,
1281,Gamers for Good,,
1282,101XP,,
1283,Sandbox Interactive GmbH,,
1284,Aleksandr Golovkin,,
1285,Double Jump Publishing,,
1286,Russian Fishing,,
1287,Giant Games,,
1288,DEXINT GAMES,,
1289,KK Game Studio,,
1290,Other Ocean Group,,
1291,Snaggletooth Studios,,
1292,Vive Studios,,
1293,"WipleGames Inc.,",,
1294,3Division,,
1295,Dorado Games,,
1296,Yooreka Studio (China),,
1297,Netease Games,,
1298,Avocavo,,
1299, Wargaming Group Limited,,
1300,Other Tales Interactive,,
1301,David Schneider,,
1302,Kozhakov,,
1303,GungHo Online Entertainment America,,
1304,Blue Wizard Digital,,
1305,Reloaded Studios,,
1306,Movavi Software,,
1307,Z4,,
1308,KingsIsle Entertainment,,
1309,Saibot Studios,,
1311,Corvostudio di Amadei Marco,,
1312,Gameforge 4D GmbH‚Ä¨,,
1313,Lion's Shade,,
1315,Angela He,,
1316,Activision (Excluding Japan and Asia),,
1317,FromSoftware (Japan),,
1318,ÊñπÂùóÊ∏∏Êàè (Asia),,
1319,"Miniwan Technology Co.,Limited",,
1320,DragonSnow,,
1321,Creepy Jar,,
1322,"Red Duck, Inc.",,
1323,"WildWorks, Inc.",,
1324,Stress Level Zero,,
1325,The Meta,,
1326,Devika,,
1327,Grapeshot Games,,
1328,VRFavs d.o.o.,,
1329,ConchShip Games,,
1330,Freie Programme Hohenstein,,
1331,Snapshot Games Inc.,,
1332,Radiance Games,,
1333,Wandering Wizard,,
1334,KOG,,
1335,WHY SO SERIOUS?,,
1336,Balloon Moose Games,,
1337,Catnip,,
1338,Warner Bros Interactive Entertainment,,
1339,Acke Hallgren,,
1340,Klabater,,
1341,Oxymoron Games,,
1342,Walkabout,,
1343,XREAL Games,,
1344,GirlGame,,
1345,Rebuilt Games,,
1346,Nolla Games,,
1347,BEST KIRIN GLOBAL LIMITED,,
1348,The Stars Group Inc. ,,
1349,The Strangers,,
1350, Coffee Stain Publishing,,
1351,AbstractArt,,
1352,Application Systems Heidelberg,,
1353,Dohi Sweden AB,,
1354,ToastieLabs,,
1355,Pixelatto,,
1356,Donkey Crew,,
1357,liuguowang,,
1358,SBSoftLab,,
1359,Rusty Lake,,
1360,Ubisoft Entertainment				,,
1361,Dimension 32 Entertainment,,
1362,Vulcron,,
1363,IObit,,
1364,Snail Games,,
1365,bilibili,,
1366,Fun Games For Free,,
1367,Trilum Studios,,
1368,RSPCA,,
1369, GrabTheGames,,
1370,BANDAI NAMCO Entertainment Europe,,
1371,Innersloth,,
1372,Great Potion Games,,
1373,È¶ôÊ∏ØÂïÜÊ≤≥Ê¥õ‰∫íÂãïÂ®õÊ®ÇËÇ°‰ªΩÊúâÈôêÂÖ¨Âè∏,,
1374,ÊñπÂùóÊ∏∏Êàè,,
1375,Reef Entertainment,,
1376,FYQD-Studio,,
1377,Osarion,,
1378,Mountaineer,,
1380,Easy Day Studios Pty Ltd,,
1381,Hitchcock Games,,
1382,E-Home Entertainment,,
1383,Ê∑±Âú≥Â∏ÇÁà±Áé©Ê∏∏ÊàèÁßëÊäÄÊúâÈôêÂÖ¨Âè∏,,
1384,Computer Lunch,,
1385,7th Beat Games,,
1386,indienova,,
1387,Yooreka Studio (Greater China),,
1388,ÔºàHong KongÔºâGKD Game Studio,,
1389,Ëâ∫ÈæôÊ∏∏Êàè,,
1390,WANIN Games,,
1391,TAKS,,
1392,Shoot Girl,,
1393,bilibili(China),,
1394,Sirhaian,,
1395,Glyph Worlds,,
1396,Vercidium,,
1397,Super Evil Megacorp,,
1398,L. Stotch,,
1399,V Publishing,,
1400,IGG SINGAPORE PTE. LTD.,,
1401,"Joyloft Co., Limited",,
1403,Pillow Castle,,
1404,Amazon Games,,
1405,The Battle Grounds Game Development Team,,
1406,Sample Text Studio,,
1407,Bros Before Giraffes,,
1408,Nexile,,
1409,OKYO GAMES,,
1410,Galaxy Shark Studios,,
1411,Kobsoft Kitti,,
1412,Sony Pictures Virtual Reality,,
1413,LORE NINE,,
1414,Micah Boursier,,
1415,"Giant Form Entertainment, LLC",,
1416,Smile Tech,,
1417,Bungie ,,
1418,Detach Entertainment,,
1419,NVIDIA,,
1420,Bloober Team NA,,
1421,IDEA FRUITION,,
1422,LINE Games Corporation,,
1423,Tactical Adventures,,
1424,Â∞èÂõ¢Âõ¢Â∑•‰ΩúÂÆ§,,
1425,Gigantic Duck Games,,
1426,Free Reign Entertainment,,
1427,Game in a Bottle,,
1428,Foulball Hangover,,
1429,JOGARA LTD,,
1430,The Elephant Crew,,
1431,Vantan Game Academy,,
1432,Studio Minus,,
1433,KFC,,
1434,DSGame,,
1435,AnukenDev,,
1436,Picroma,,
1437,SMG Studio,,
1438,Zilong Game Limited,,
1439,Cheesecake Dev,,
1440,All in! Games,,
1441,"CyberStep, Inc.",,
1442,Jadon Barnes,,
1443,4G,,
1444,"OMOCAT, LLC",,
1445,Goblinz Publishing,,
1446,"HONG KONG SPARK SOFTWARE TECHNOLOGY CO., LIMITED",,
1447,Comfy Company,,
1448,SOFTSTAR Entertainment,,
1449,Rootpew,,
1450,Pac0master,,
1451,Tuxedo Labs,,
1452,ghosthunter,,
1453,Svavelstickan,,
1454,Ghostpie Studio,,
1455,Code Club AB,,
1456,Mobile Technologies LLC,,
1457,Topgolf Media,,
1458,Poorly Drawn Squid,,
1459,Al Fine,,
1460,BADA Games,,
1461,INFERNA LIMITED,,
1462,Elastic Games,,
1463,KLab Inc.,,
1464,CreativeForge Games,,
1465,National Westminster Bank plc,,
1466,Pugscape,,
1467,Duoyi (Hong Kong) Interactive Entertainment Limited,,
1468,Dead Thread Games,,
1469,"Neosonyx Co., Ltd.",,
1470,Pearl Abyss,,
1471,Frinky,,
1472,Redaster Studio,,
1473,NewProjekt,,
1474,Alice & Smith,,
1475, Afterburner Studios,,
1476,"Kabam Games, Inc.",,
1477,Phoenix Games,,
1478,Green Tile Digital,,
1479,Robot Squid,,
1480,Klems,,
1481,Straight Back Games,,
1482,YCJY Games,,
1483,vanripper,,
1484,Joycity,,
1485,Dungeon Master,,
1486,Bitbeast Games,,
1487,"POCKET PAIR, Inc.",,
1488,MAGIX Software GmbH,,
1489,Quickfire Labs,,
1490,Infini-Brain inc.,,
1491,Rejected Games,,
1493,Madmind Studio,,
1494,Far Few Giants,,
1495,Attrito,,
1496,M7 Productions,,
1497,Ravenhood Games,,
1498,Ravenscourt,,
1499,WanadevStudio,,
1500,Mind Body Aware Games LLC,,
1501,ShopaLover,,
1502,Hayden ,,
1503,Rothman,,
1504,jacktostudios,,
1505,Thomas09 Games,,
1506,Pixel Games UK,,
1507,Shaikonina Games,,
1508,Atahan √ñzt√ºrk,,
1509,"Proletariat, Inc.",,
1510,Softwaves Dist.,,
1511,Yendis Entertainment Pty,,
1512,MAD Studio,,
1513,Redwoods Digital Games,,
1514, Novice Entertainment Limited,,
1515,Laush Studio,,
1516,Humble North,,
1517,È¨ºË∞∑Â∑•‰ΩúÂÆ§,,
1518,Lightning Games,,
1519,Metal Frontline Game Studio,,
1520,LIMITED,,
1521,Sweet Games,,
1522,Forbidden Knowledge,,
1523,Another Axiom,,
1524,OpenTTD,,
17,Egosoft,1988,13
23,Electronic Arts,1982,29
25,Double Fine Productions,2000,29
26,2K,2005,29
28,SEGA,1960,27
27,GSC Game World,1995,16
32,LucasArts,1982,29
35,Klei Entertainment,2005,14
36,Funcom,1993,8
38,Capcom,1979,27
41,Square Enix,1975,27
44,Telltale Games,2004,29
48,THQ Nordic,2011,11
50,Codemasters,1985,9
57,Oddworld Inhabitants,1994,29
69,Warner Bros. Interactive Entertainment,1988,29
72,TaleWorlds Entertainment,2005,1
73,Frictional Games,2001,7
74,ACE Team,2007,22
77,Daybreak Game Company,1997,29
80,Wolfire Games,2003,29
92,Trion Worlds,2006,29
100,Runic Games,2008,29
101,inXile Entertainment,2002,29
102,Fatshark,2008,7
113,Eugen Systems,2000,23
123,11 bit studios,2010,26
68,CD PROJEKT RED,2002,26
147,Robot Entertainment,2009,29
151,Xbox Game Studios,2002,29
160,Remedy Entertainment,1995,15
171,The Chinese Room,2007,9
180,Frogwares,2000,16
204,Focus Home Interactive,1996,23
223,Larian Studios,1996,21
224,SuperVillain Studios,2004,29
228,Marvelous,1997,27
230,Ankama Games,2001,23
260,Nimble Giant Entertainment,2002,18
262,New World Interactive,2010,29
273,Trapdoor,2010,14
283,SCS Software,1997,6
291,Digital Extremes,1993,14
316,Red Thread Games,2012,8
321,FarSight Studios,1989,29
324,Grinding Gear Games,2006,2
347,Kunos Simulazioni,2005,3
349,Keen Software House,2010,6
350,Crytek,1999,13
361,Rising Star Games,2004,9
391,Facepunch Studios,2009,9
408,Croteam,1993,20
420,Big Finish Games,2007,29
491,TopWare Interactive,1995,13
558,Team17,1990,9
560,Black Forest Games,2012,13
570,Digitalmindsoft,2006,13
575,Housemarque,1995,15
595,Aspyr,1996,29
716,Idea Factory,1994,27
729,Vostok Games,2012,16
739,Frontier Developments,1994,9
770,Deck13,2001,13
797,Warhorse Studios,2011,6
814,Pipeworks Studios,1999,29
888,Ninja Theory,2000,9
908,Petroglyph,2003,29
947,Zen Studios,2003,4
1016,Kalypso Media,2006,13
1053,Arc System Works,1988,27
1103,Obsidian Entertainment,2004,29
1107,Pixel Federation,2007,24
1108,3D Realms,1987,29
1139,Motion Twin,2001,23
1142,Gameloft,1999,23
1191,Linden Lab,1999,29
1218,The Farm 51,2005,26
1310,Survios,2013,29
1314,Boss Key Productions,2014,29
1379,Quantic Dream,1997,23
1402,Tate Multimedia,2002,26
1492,Jagex,2001,9
0,Valve,1996,29
51,Rockstar Games,1998,29
19,1C Entertainment,1991,5
78,Paradox Interactive,1999,7
56,Feral Interactive (Mac/Linux),1996,9
29,Feral Interactive (Mac),1996,9
30,Feral Interactive (Linux),1996,9
150,Daedalic Entertainment,2007,13
9,Bethesda-Softworks,1986,29
33,Lucasfilm,1971,29
8,Bethesda Softworks,1986,29
54,"Epic Games, Inc.",1991,29
306,Konami Digital Entertainment,1969,27
